time,temp,humi,pres
2021-04-12 00:00:22.157558,18.378661490165513,74.57836104055042,1013.1649704548638
2021-04-12 00:01:22.240302,18.35128684989076,74.80976971722993,1013.1570901491826
2021-04-12 00:02:22.315036,18.397670736693037,74.21568674114397,1013.1790011220776
2021-04-12 00:03:22.380296,18.37679798559986,74.59908742242501,1013.1918142356517
2021-04-12 00:04:22.450302,18.581334691706736,73.90320600517609,1013.1960484190502
2021-04-12 00:05:22.527249,18.734317559227602,72.782713820143,1013.2177274666168
2021-04-12 00:06:22.600314,18.536822495628478,73.95974222215546,1013.2464074783733
2021-04-12 00:07:22.680301,18.486272198981343,74.21616804727216,1013.2344696609649
2021-04-12 00:08:22.760348,18.503426060005264,74.2718778400131,1013.2362335838739
2021-04-12 00:09:22.836289,18.598976995703218,74.20812981415962,1013.2495542952872
2021-04-12 00:10:22.895054,18.475688038954072,74.40411873890497,1013.2418086895825
2021-04-12 00:11:22.955416,18.709354379724996,73.28192564320182,1013.2757888072495
2021-04-12 00:12:23.020313,18.608253789288046,74.15349942399347,1013.2687721692963
2021-04-12 00:13:23.102559,18.615675224628852,73.72515386195013,1013.2706574253806
2021-04-12 00:14:23.170308,18.568371807819464,73.88723009313355,1013.2658660326216
2021-04-12 00:15:23.250304,18.623560500139078,73.70246182302995,1013.2612788120141
2021-04-12 00:16:23.330313,18.59990467503214,74.02937219715034,1013.2927860476794
2021-04-12 00:17:23.410301,18.684694942802718,73.44036199693086,1013.2641266723081
2021-04-12 00:18:23.490299,18.522443473691567,73.69601560558556,1013.270150302161
2021-04-12 00:19:23.565377,18.54981000066984,73.75511599401077,1013.3053469013216
2021-04-12 00:20:23.630304,18.62401611265973,73.36696055960016,1013.326248069139
2021-04-12 00:21:23.705781,18.58088725010208,73.48091122978585,1013.3296846231199
2021-04-12 00:22:23.770283,18.546099284812367,73.83825624103467,1013.3398102467476
2021-04-12 00:23:23.846291,18.576712693779598,73.82684801684422,1013.3551794463551
2021-04-12 00:24:23.917267,18.48766371734661,73.8685884872503,1013.3945732276691
2021-04-12 00:25:23.975205,18.514566408646726,73.74971514540341,1013.3516747395875
2021-04-12 00:26:24.040341,18.46864630096719,73.92027679068124,1013.3971384327597
2021-04-12 00:27:24.120311,18.507144976012174,73.56595740038591,1013.4374630405816
2021-04-12 00:28:24.200301,18.67866502787986,73.2124087407289,1013.4359083711878
2021-04-12 00:29:24.280342,18.514094364904,73.89216051778375,1013.4610714109698
2021-04-12 00:30:24.355993,18.437105226228567,73.8012087253008,1013.471187162307
2021-04-12 00:31:24.415548,18.51038365005808,73.60143033654055,1013.504029900147
2021-04-12 00:32:24.476190,18.520124276752764,73.55664549789282,1013.5270943508165
2021-04-12 00:33:24.540301,18.482097643974218,73.85333790726915,1013.5634450386111
2021-04-12 00:34:24.618733,18.48487248833743,73.70624008170026,1013.6024191312925
2021-04-12 00:35:24.689281,18.496468470321922,73.66455581749025,1013.5956773163016
2021-04-12 00:36:24.756301,18.48626400612138,74.03495697415156,1013.6231898234375
2021-04-12 00:37:24.820312,18.400925767496393,74.0021951215387,1013.647728816296
2021-04-12 00:38:24.900316,18.44591817281759,74.05795926234282,1013.6697247522272
2021-04-12 00:39:24.975294,18.435713708400282,73.94265412868008,1013.6932580076615
2021-04-12 00:40:25.040299,18.469649920459556,73.57189039886777,1013.7021661661395
2021-04-12 00:41:25.115015,18.484416841183975,73.9510179890564,1013.7222689705653
2021-04-12 00:42:25.176464,18.58088725010208,73.55238945885311,1013.7501298240178
2021-04-12 00:43:25.235426,18.55259303763192,73.86035401041426,1013.7599039600382
2021-04-12 00:44:25.300323,18.607233749140804,73.69219670951492,1013.776010794278
2021-04-12 00:45:25.380333,18.709734062363665,73.39744786051253,1013.7573425088226
2021-04-12 00:46:25.464755,18.481633804537193,73.6469461695578,1013.7652277668661
2021-04-12 00:47:25.530344,18.483480970568262,73.79771550594913,1013.7559055215696
2021-04-12 00:48:25.610296,18.454731119999423,73.91931632705824,1013.7507881779029
2021-04-12 00:49:25.691154,18.553520716632413,73.30483842499734,1013.7535650692378
2021-04-12 00:50:25.770329,18.562333667464735,73.62566620340235,1013.7483725490833
2021-04-12 00:51:25.850302,18.496012827848578,73.8557278717281,1013.7448637911242
2021-04-12 00:52:25.925022,18.527090077170794,73.88529094734707,1013.7557277650037
2021-04-12 00:53:25.990356,18.472820855545717,73.87953980160276,1013.7617185246429
2021-04-12 00:54:26.065688,18.474204185818163,73.72267264715194,1013.7502370122156
2021-04-12 00:55:26.130398,18.478386928523992,74.17471073725935,1013.7732523626088
2021-04-12 00:56:26.206866,18.53728633507207,73.63741789112821,1013.7746701131998
2021-04-12 00:57:26.270353,18.520132483398516,73.52808251373162,1013.7628082222957
2021-04-12 00:58:26.345931,18.499723543798012,73.91552983716765,1013.7778438006474
2021-04-12 00:59:26.410331,18.50204274131978,74.01916629221309,1013.7822280990322
2021-04-12 01:00:26.485615,18.604998691971325,73.98585225081324,1013.7559922151678
2021-04-12 01:01:26.550324,18.547026963766886,74.0975385568359,1013.7623981714692
2021-04-12 01:02:26.625387,18.533583831691605,73.94080872234679,1013.7464213673503
2021-04-12 01:03:26.690324,18.530336954390965,73.82072576043355,1013.7426440355478
2021-04-12 01:04:26.765144,18.589616050308866,74.04679377531303,1013.7534954416167
2021-04-12 01:05:26.830302,18.583670287724303,73.79230966069153,1013.7544468162976
2021-04-12 01:06:26.905928,18.560942148872854,73.96890182312691,1013.7701571073777
2021-04-12 01:07:26.970293,18.45333142253207,73.70253954859861,1013.7691785240247
2021-04-12 01:08:27.055363,18.434314018877615,73.94489968887606,1013.791423349176
2021-04-12 01:09:27.115044,18.4904385595619,73.78104410634586,1013.8078349375984
2021-04-12 01:10:27.180303,18.391185145698586,74.26135423309103,1013.7982390926511
2021-04-12 01:11:27.260304,18.386546754620827,74.31018016313493,1013.7844128968942
2021-04-12 01:12:27.341664,18.46631891929703,73.88965504921025,1013.7696561307664
2021-04-12 01:13:27.410298,18.41761581306679,74.01229823844679,1013.8040247812444
2021-04-12 01:14:27.486120,18.48580016685842,73.89538404957199,1013.8243552585711
2021-04-12 01:15:27.546899,18.453803441320787,74.28998472230725,1013.822205722967
2021-04-12 01:16:27.610302,18.478378738874422,74.01995952989225,1013.8123483206878
2021-04-12 01:17:27.690307,18.296646086304584,74.69766673734595,1013.8158122102354
2021-04-12 01:18:27.765188,18.32578384666822,74.76693004226554,1013.8519451633636
2021-04-12 01:19:27.845141,18.329958396694725,74.74264346353888,1013.8517456285648
2021-04-12 01:20:27.910331,18.517324894607068,73.35400983119723,1013.8949180992106
2021-04-12 01:21:27.985035,18.320681619038684,74.7159631473916,1013.9027831273561
2021-04-12 01:22:28.050303,18.416696299561583,74.59125984325297,1013.9139038478094
2021-04-12 01:23:28.126385,18.374023099531133,74.22952225014615,1013.945167652098
2021-04-12 01:24:28.190336,18.499259704298584,73.98176076432705,1013.9745731707449
2021-04-12 01:25:28.270314,18.46308022840273,74.1618348243238,1013.9717908042693
2021-04-12 01:26:28.350324,18.615211384907735,73.6365213295928,1013.9934825837242
2021-04-12 01:27:28.430306,18.514566408646726,73.92840525234499,1013.9738379338205
2021-04-12 01:28:28.510326,18.400546049756908,74.46986165733958,1013.9692858770624
2021-04-12 01:29:28.580358,18.525682162280297,73.83867461680637,1013.9762160042623
2021-04-12 01:30:28.650305,18.45890567413457,74.1868438856937,1013.9984270329246
2021-04-12 01:31:28.730304,18.49230211200424,74.34909912379638,1013.9872493248166
2021-04-12 01:32:28.810325,18.499259704298584,74.16732667346491,1013.9631662641616
2021-04-12 01:33:28.888878,18.619849782192794,74.05091170285364,1013.9820180829693
2021-04-12 01:34:28.960304,18.447773530069764,74.3349998393329,1014.0191918835611
2021-04-12 01:35:29.040519,18.538677853412707,73.89137446703211,1014.0106479659277
2021-04-12 01:36:29.115052,18.491374433059576,74.3631520695143,1014.0665605381743
2021-04-12 01:37:29.180333,18.490910593589707,73.75586989053328,1014.0626486339834
2021-04-12 01:38:29.255087,18.524298831272173,73.71511641648442,1014.0832738729307
2021-04-12 01:39:29.320289,18.468174276082834,73.98337497677075,1014.0719063478803
2021-04-12 01:40:29.400534,18.59750132157579,73.84949831236554,1014.0543580496856
2021-04-12 01:41:29.480305,18.534975350559368,74.1292617515272,1014.0987547020533
2021-04-12 01:42:29.585404,18.550282059080192,74.74537487661141,1014.1218874742295
2021-04-12 01:43:29.650333,18.516885606431234,74.21071895567476,1014.1237603216214
2021-04-12 01:44:29.730312,18.54424392692304,73.55657960020724,1014.136835010199
2021-04-12 01:45:29.810846,18.533583831691605,74.74481232492636,1014.1915588003424
2021-04-12 01:46:29.876468,18.57114661888987,74.07364703568781,1014.1866928487648
2021-04-12 01:47:29.940283,18.623104908959714,74.11927890014016,1014.2623654616556
2021-04-12 01:48:30.020362,18.599449074305358,74.12528511573488,1014.295198746738
2021-04-12 01:49:30.100312,18.722265957419847,73.27161110987406,1014.3169056397713
2021-04-12 01:50:30.195112,18.524770879205647,74.22835625107423,1014.3161914587639
2021-04-12 01:51:30.265039,18.64350561090095,74.09191794012393,1014.3484784657312
2021-04-12 01:52:30.329522,18.5897926234776,74.71684407912137,1014.4200064705333
2021-04-12 01:53:30.400310,18.54155327480548,74.81490946658377,1014.4127550952787
2021-04-12 01:54:30.480305,18.710298562073778,74.36569997138356,1014.4430905595899
2021-04-12 01:55:30.560302,18.1379211821083,75.83550290371261,1014.4392266557943
2021-04-12 01:56:30.636248,18.371703904275524,74.95820608506413,1014.4633933934825
2021-04-12 01:57:30.710292,18.538222227974956,74.43395968328475,1014.4751721119765
2021-04-12 01:58:30.810302,18.644433290545166,74.10376209950697,1014.4675957974031
2021-04-12 01:59:30.890313,18.5915637970364,74.39949419468338,1014.451273238239
2021-04-12 02:00:30.965938,18.68338759013129,73.8280946270371,1014.4424255971637
2021-04-12 02:01:31.025196,18.581823161065255,74.09881747359462,1014.4804036816192
2021-04-12 02:02:31.090315,18.5762570836926,74.07760659417193,1014.4385131847152
2021-04-12 02:03:31.190294,18.6189303495927,74.08933289325014,1014.3988161623633
2021-04-12 02:04:31.290340,18.594422768333953,73.77282942260162,1014.4037839502874
2021-04-12 02:05:31.370290,18.665778190118605,74.0834404264061,1014.4460638860743
2021-04-12 02:06:31.480288,18.70891532541663,73.92099251605791,1014.3804520994231
2021-04-12 02:07:31.580305,18.751124794133688,73.85242742922954,1014.4036104169222
2021-04-12 02:08:31.660336,18.70427692309019,73.76196155652885,1014.4006896787722
2021-04-12 02:09:31.769222,18.62133374567416,74.1798513029292,1014.4179352294708
2021-04-12 02:10:31.845046,18.68719905474545,74.13133443921373,1014.4158791011313
2021-04-12 02:11:31.906203,18.68478736142612,73.97188429179388,1014.4071223129752
2021-04-12 02:12:31.980298,18.612436590841725,74.09933151042465,1014.379453181233
2021-04-12 02:13:32.085300,18.62781923848159,74.14614885088636,1014.3583449668607
2021-04-12 02:14:32.175150,18.611972750943256,74.16952073906722,1014.3888979477986
2021-04-12 02:15:32.245194,18.66624203020756,73.88542862130797,1014.3740224931884
2021-04-12 02:16:32.310306,18.5350595176868,74.17386343850343,1014.3495503598833
2021-04-12 02:17:32.390315,18.578196624579032,74.13309535657845,1014.3508600779962
2021-04-12 02:18:32.485458,18.659748269111606,73.90734297628171,1014.3265975687849
2021-04-12 02:19:32.545180,18.623568748897593,74.28058665588891,1014.3249589736516
2021-04-12 02:20:32.610307,18.623104908959714,73.95781387057949,1014.2957519084162
2021-04-12 02:21:32.690334,18.6050151526633,74.07501957806214,1014.2983047731884
2021-04-12 02:22:32.770319,18.56799214639728,74.42281311638541,1014.2985114395244
2021-04-12 02:23:32.845537,18.582750840650352,74.10334536459928,1014.2808218318412
2021-04-12 02:24:32.907393,18.579124304453146,74.43956982992728,1014.3165274441803
2021-04-12 02:25:32.970303,18.579967801914762,74.09571803312345,1014.3129932903031
2021-04-12 02:26:33.050315,18.659748269111606,74.26475428680588,1014.321538452109
2021-04-12 02:27:33.120479,18.624032588837114,74.09934667287177,1014.3609113219745
2021-04-12 02:28:33.195048,18.61382811054698,74.0154406495773,1014.3471990879403
2021-04-12 02:29:33.260306,18.712626047396014,73.92719375187913,1014.3357143813357
2021-04-12 02:30:33.340304,18.592027636862614,74.14862463432829,1014.3742456085085
2021-04-12 02:31:33.420327,18.652318567786203,73.90698340319803,1014.4101387502091
2021-04-12 02:32:33.520302,18.614283705470427,73.94767537822196,1014.4139497205792
2021-04-12 02:33:33.615422,18.66391456459104,73.86883162347186,1014.3391590451916
2021-04-12 02:34:33.677751,18.5350595176868,74.43182253755205,1014.3967647286102
2021-04-12 02:35:33.743696,18.609181468682657,74.2354487118348,1014.3607970567458
2021-04-12 02:36:33.811763,18.6430417710813,73.97487188437964,1014.3833497171056
2021-04-12 02:37:33.875046,18.454359640032518,74.80613727978482,1014.3792602622029
2021-04-12 02:38:33.940300,18.670416591082063,74.47467668928935,1014.3627513582073
2021-04-12 02:39:34.040307,18.690825557272152,74.14543212931164,1014.3593966261719
2021-04-12 02:40:34.115543,18.73581806214828,74.1416971264072,1014.3510512047449
2021-04-12 02:41:34.180360,18.76643152790739,74.14818834336972,1014.4102943265153
2021-04-12 02:42:34.276357,18.76317633923496,73.84211605009139,1014.3781589397522
2021-04-12 02:43:34.335927,18.690361717096163,74.05679077782906,1014.3571703149692
2021-04-12 02:44:34.395678,18.639339307762558,74.28425839705426,1014.3382561953213
2021-04-12 02:45:34.455042,18.701578105495408,74.16580482256026,1014.3754789968426
2021-04-12 02:46:34.519240,18.812351739958263,73.85109600284423,1014.3912170077865
2021-04-12 02:47:34.610293,18.706764590279597,74.16037757111552,1014.3987682411081
2021-04-12 02:48:34.698315,18.75808240017277,74.01806046519573,1014.3735915974743
2021-04-12 02:49:34.764628,18.800747404397253,73.68441177039813,1014.4016515574901
2021-04-12 02:50:34.850348,18.74378758616727,73.83782994952492,1014.4103697301496
2021-04-12 02:51:34.925297,18.85454457810856,73.57192680318926,1014.4021914414418
2021-04-12 02:52:34.990330,18.621797585763115,74.79862163577118,1014.4387118114585
2021-04-12 02:53:35.070310,18.67782976211161,73.90344431590731,1014.4474530921549
2021-04-12 02:54:35.165162,18.660675949248468,74.18589019412559,1014.4490964348029
2021-04-12 02:55:35.240328,18.62217722908888,74.48935920072446,1014.4295765699061
2021-04-12 02:56:35.335603,18.591099957211828,74.32599381069997,1014.4292277430505
2021-04-12 02:57:35.405497,18.71726445001804,73.98094535510644,1014.4603956667686
2021-04-12 02:58:35.466088,18.788223714812702,73.89886933247533,1014.495011668003
2021-04-12 02:59:35.530309,18.629219027409746,74.4834258531852,1014.47601958176
2021-04-12 03:00:35.625009,18.735438457043397,73.85938133291523,1014.4748622691715
2021-04-12 03:01:35.691730,18.754371676905947,74.26206822744591,1014.4519135738946
2021-04-12 03:02:35.760316,18.76844705374179,74.11740278447094,1014.4540251400061
2021-04-12 03:03:35.839173,18.682560651614363,74.39535742084126,1014.495951778938
2021-04-12 03:04:35.896633,18.7149452486865,74.0070266792197,1014.513956516517
2021-04-12 03:05:35.960302,18.764112325705515,73.80025228441497,1014.5352342391071
2021-04-12 03:06:36.035723,18.76504000658134,74.44818889476011,1014.5419138029337
2021-04-12 03:07:36.100304,18.833224568938295,74.17644720441534,1014.5757468421575
2021-04-12 03:08:36.176726,18.750197113356393,74.02424257900796,1014.5752318688008
2021-04-12 03:09:36.240303,18.61901454525401,74.51104710420518,1014.58556064935
2021-04-12 03:10:36.316290,18.718192130562148,74.35349518233274,1014.6071201116557
2021-04-12 03:11:36.380300,18.71448140842512,74.17686174465433,1014.6393627602077
2021-04-12 03:12:36.460301,18.670121192117012,74.51289424849165,1014.6377749088659
2021-04-12 03:13:36.540346,18.696391639512118,74.1845189475721,1014.5986047405717
2021-04-12 03:14:36.622183,18.672820005573595,74.23163552300599,1014.6229050069717
2021-04-12 03:15:36.688250,18.70566844377088,74.0868389851795,1014.6138577806253
2021-04-12 03:16:36.745045,18.623104908959714,74.2615991614329,1014.6077193493743
2021-04-12 03:17:36.810340,18.72283053338123,74.61440226892638,1014.6260121180594
2021-04-12 03:18:36.890308,18.71178259408178,74.20143562818097,1014.6495808787348
2021-04-12 03:19:36.970309,18.679777609814533,74.27453977559718,1014.6158266254689
2021-04-12 03:20:37.050293,18.827658480885145,73.96456912760982,1014.6333617775351
2021-04-12 03:21:37.127914,18.974139537145774,74.23098431553402,1014.6389164494509
2021-04-12 03:22:37.190307,18.72793277667189,74.141921275298,1014.6386982558865
2021-04-12 03:23:37.269897,18.803074928145644,73.95475075177508,1014.6249829835027
2021-04-12 03:24:37.338155,18.72337029731401,74.03478383169279,1014.6382162930176
2021-04-12 03:25:37.400320,18.66780199004651,74.28591440907678,1014.6367614636926
2021-04-12 03:26:37.476224,18.735354221813,73.92198575167406,1014.6574576252693
2021-04-12 03:27:37.540306,18.761793123544695,74.04809339629313,1014.6680000847192
2021-04-12 03:28:37.615150,18.689897876921815,74.3076940340124,1014.6719938348486
2021-04-12 03:29:37.680371,18.606954703731017,74.4707604431241,1014.683967183567
2021-04-12 03:30:37.761872,18.695000118929958,74.05560653317102,1014.7049175513752
2021-04-12 03:31:37.829046,18.713174115314228,74.24695439279623,1014.6732593346793
2021-04-12 03:32:37.910301,18.734890381479364,73.94653038466532,1014.6653502237433
2021-04-12 03:33:37.986720,18.701105966698865,74.27019931645361,1014.6527702585581
2021-04-12 03:34:38.050304,18.78125781875625,73.78600825030962,1014.6389947521083
2021-04-12 03:35:38.131240,18.66438666986159,74.30526643915965,1014.6642147544684
2021-04-12 03:36:38.205012,18.688042516240845,73.9590895232376,1014.6833251713826
2021-04-12 03:37:38.266289,18.71448140842512,74.1942187658404,1014.6618270958597
2021-04-12 03:38:38.330310,18.802611087572256,74.05674963632111,1014.6750424180697
2021-04-12 03:39:38.410301,18.797972681928687,73.68256955412659,1014.6679557243541
2021-04-12 03:40:38.485197,18.836463118306124,73.58175726243579,1014.6540488814925
2021-04-12 03:41:38.555211,18.78590451316915,74.00512812133935,1014.6710827016914
2021-04-12 03:42:38.630306,18.6445257521336,74.3764675815595,1014.6540493506847
2021-04-12 03:43:38.710324,18.750197113356393,74.12731163459301,1014.6544997094761
2021-04-12 03:44:38.790302,18.753907836504982,74.22108176408297,1014.643640798563
2021-04-12 03:45:38.860284,18.678301873096817,74.19945214176869,1014.6246980477409
2021-04-12 03:46:38.930322,18.70103004155939,74.22503392946082,1014.6495392081829
2021-04-12 03:47:39.006446,18.638411627776776,74.36495286407202,1014.6407176264291
2021-04-12 03:48:39.065427,18.749261132649753,73.805382991979,1014.660463428391
2021-04-12 03:49:39.140329,18.68711483591021,74.16305854401044,1014.6383977286663
2021-04-12 03:50:39.206773,18.666326241948738,74.45508912140306,1014.6490080580129
2021-04-12 03:51:39.280311,18.836471453745173,74.37996861398315,1014.6706086902745
2021-04-12 03:52:39.355386,18.85269753693785,74.00359813531239,1014.6712623788435
2021-04-12 03:53:39.427356,18.654730236276333,74.47989637624258,1014.6996593228641
2021-04-12 03:54:39.490305,18.724685894554842,74.16479102512213,1014.7040648886516
2021-04-12 03:55:39.537536,18.707987644938203,74.23815152194635,1014.7132933327088
2021-04-12 03:56:39.600327,18.732107339512037,74.29301680672447,1014.714865871284
2021-04-12 03:57:39.670303,18.777563699047857,74.07047646864706,1014.7571316588443
2021-04-12 03:58:39.750340,18.67467536666838,74.36579597734953,1014.748179244848
2021-04-12 03:59:39.826336,18.658989022553005,74.79394914804428,1014.7496194927342
2021-04-12 04:00:39.900303,18.876825600202483,73.96038049241713,1014.7799995655545
2021-04-12 04:01:39.975816,18.718655970836668,74.46182291145408,1014.7632914743775
2021-04-12 04:02:40.040312,18.667633550484283,74.47895984005476,1014.7674928729413
2021-04-12 04:03:40.120317,18.785524906972245,74.18931261499594,1014.7409385477669
2021-04-12 04:04:40.195995,18.776636018083355,74.10865017677054,1014.7679242114223
2021-04-12 04:05:40.260315,18.834616090988533,74.22792565378273,1014.7797715040068
2021-04-12 04:06:40.340313,18.833224568938295,74.2241095219255,1014.8068254120906
2021-04-12 04:07:40.417039,18.84768790421743,74.32587772292206,1014.8096284919392
2021-04-12 04:08:40.480313,18.940371810050703,74.47805814060581,1014.8185603652101
2021-04-12 04:09:40.555209,18.931558830201713,74.49161926632509,1014.8656540588963
2021-04-12 04:10:40.630309,18.920890486967142,74.3215622136874,1014.858293329893
2021-04-12 04:11:40.705481,18.929703466098516,74.43908018241538,1014.8820495990145
2021-04-12 04:12:40.770324,18.868012624627994,74.12886206557437,1014.8675718128807
2021-04-12 04:13:40.845321,18.862994654465112,74.48293040841307,1014.878595523568
2021-04-12 04:14:40.930320,18.95753393040526,74.64054261846229,1014.8773412514115
2021-04-12 04:15:41.008966,18.88757822678717,74.65773428863247,1014.8914975207067
2021-04-12 04:16:41.070313,18.887030098976712,74.20088169112745,1014.8795944404042
2021-04-12 04:17:41.150318,18.8180863690778,74.69626988136501,1014.8910101571961
2021-04-12 04:18:41.230307,18.873662996604374,74.41102710317404,1014.893850933309
2021-04-12 04:19:41.305080,18.89769843945412,74.44097760898484,1014.9132719912398
2021-04-12 04:20:41.370306,18.835543772363568,74.5500005361014,1014.905668545862
2021-04-12 04:21:41.446384,18.92738426100647,74.8674358847102,1014.9367033859968
2021-04-12 04:22:41.510306,18.84853131230376,74.43817762765582,1014.9757152312199
2021-04-12 04:23:41.585476,18.957525545677285,74.19974716020357,1014.9771724432908
2021-04-12 04:24:41.650302,18.899174253068477,74.4253942168864,1014.9960929373512
2021-04-12 04:25:41.730331,18.787481243876293,75.1859391250227,1015.0035058140145
2021-04-12 04:26:41.810303,18.935269558486926,74.18797902344537,1014.9863707417239
2021-04-12 04:27:41.890349,19.014586400715576,73.95094051409146,1014.9673878135615
2021-04-12 04:28:41.970360,18.944082538585523,74.51585446414045,1014.9770632889409
2021-04-12 04:29:42.047595,18.941763333238942,73.97959701558881,1014.9804371198156
2021-04-12 04:30:42.105244,18.731263892680982,74.60633770179365,1014.9675503151655
2021-04-12 04:31:42.165038,18.892132348661875,74.33602298005326,1015.016501062347
2021-04-12 04:32:42.225432,19.076648401488413,73.34420314783739,1015.0556994781939
2021-04-12 04:33:42.285527,18.873199155623734,74.29853019656224,1015.0974223658117
2021-04-12 04:34:42.350309,18.920890486967142,73.73314023430729,1015.113011837358
2021-04-12 04:35:42.430303,18.822260937622755,74.28469065621442,1015.1235970912137
2021-04-12 04:36:42.510312,18.938600750101937,74.2395843295218,1015.1651545436533
2021-04-12 04:37:42.590333,18.96912995894451,74.2235010050988,1015.1506356685247
2021-04-12 04:38:42.670315,18.80286390724132,74.56370055453206,1015.1544549834445
2021-04-12 04:39:42.750372,18.756859379033592,74.51046618538572,1015.1621287102002
2021-04-12 04:40:42.830305,18.828586162210915,74.20741736072799,1015.1927412988256
2021-04-12 04:41:42.910307,18.76280504893559,74.48035113396301,1015.1915027486244
2021-04-12 04:42:42.990305,18.819941732859135,74.59390067349088,1015.2018655052397
2021-04-12 04:43:43.065018,18.773178083692127,74.9388570969956,1015.2092854618277
2021-04-12 04:44:43.130356,18.740161113987376,74.6809365398596,1015.1966549996935
2021-04-12 04:45:43.210309,18.758166643127808,74.16994672254633,1015.1810400349365
2021-04-12 04:46:43.287265,18.836463118306128,74.68840933247944,1015.1903949435996
2021-04-12 04:47:43.350300,18.7381372638493,74.7516713054078,1015.1565404940983
2021-04-12 04:48:43.430296,18.729324297603824,74.40188660371118,1015.146275252417
2021-04-12 04:49:43.510466,18.735893984947698,74.62767808304648,1015.1385142924049
2021-04-12 04:50:43.590409,18.657049437328705,74.86349874088182,1015.1290373167951
2021-04-12 04:51:43.665229,18.739528784889618,74.38750030298503,1015.1221376960434
2021-04-12 04:52:43.730320,18.788232030611713,74.52749200716691,1015.1406788193549
2021-04-12 04:53:43.805468,18.801303823478033,74.3198138850793,1015.1452612398654
2021-04-12 04:54:43.870324,18.866157261424693,74.16150818990167,1015.1437298812327
2021-04-12 04:55:43.945136,18.857892404183854,74.4293385431591,1015.1673125106666
2021-04-12 04:56:44.005087,18.854729808624036,74.76854255494712,1015.1698460234908
2021-04-12 04:57:44.065075,18.8281139895074,74.2380160535231,1015.138504506314
2021-04-12 04:58:44.130362,18.848615585999717,74.25294894713461,1015.1683158569369
2021-04-12 04:59:44.205051,18.92552889696239,73.8913670797273,1015.1707074276882
2021-04-12 05:00:44.270341,18.923673532944587,74.06106870831786,1015.1921630208188
2021-04-12 05:01:44.350335,18.782665944470015,74.27809236746855,1015.1814215000218
2021-04-12 05:02:44.426129,18.80585797162046,74.29314384146257,1015.1554500528404
2021-04-12 05:03:44.490306,18.728860457291535,74.20741409253952,1015.1811521827667
2021-04-12 05:04:44.570310,18.672820005573595,74.52949077205801,1015.1676448967088
2021-04-12 05:05:44.650304,18.734974616552115,74.81093510698872,1015.164146570641
2021-04-12 05:06:44.730305,18.852705878986523,74.06900797425257,1015.1483044835702
2021-04-12 05:07:44.805034,18.769762657955166,74.24920529026309,1015.1591262599425
2021-04-12 05:08:44.870377,18.698331222930058,74.6446374717312,1015.1533132463684
2021-04-12 05:09:44.945024,18.7080718708675,74.51693177289627,1015.1682294067899
2021-04-12 05:10:45.005409,18.721987083462945,74.29116400621257,1015.1945574226555
2021-04-12 05:11:45.065024,18.71966788126107,74.49908413014045,1015.1884827914953
2021-04-12 05:12:45.126198,18.76280504893559,74.12706097821305,1015.1999361403273
2021-04-12 05:13:45.185554,18.853633560489644,73.96033157061434,1015.2101084016446
2021-04-12 05:14:45.250313,18.866157261424693,74.30449893634065,1015.2213220176656
2021-04-12 05:15:45.327494,18.87450639604646,74.07715968420915,1015.2445412531795
2021-04-12 05:16:45.385551,18.892132348661875,74.25856891189181,1015.2701323091061
2021-04-12 05:17:45.448388,18.86105501275109,74.03892275219957,1015.2696985842355
2021-04-12 05:18:45.510305,18.834228166488344,74.27973266331664,1015.2598013813251
2021-04-12 05:19:45.585043,18.718740200391817,74.45881131763014,1015.2649857759465
2021-04-12 05:20:45.645299,18.91532439518961,74.29614113261044,1015.3022072179373
2021-04-12 05:21:45.710303,18.876994181961177,74.51205542538338,1015.3121773731867
2021-04-12 05:22:45.785034,18.835543772363568,74.01201184581528,1015.3239767788597
2021-04-12 05:23:45.846677,18.650724132649938,74.67537413672608,1015.3353145607908
2021-04-12 05:24:45.910308,18.745642948267047,74.41740294547016,1015.2980114392008
2021-04-12 05:25:45.990341,18.63664046947677,74.85135405304746,1015.3683513881025
2021-04-12 05:26:46.065242,18.553149270460818,75.4640245130638,1015.4245336042234
2021-04-12 05:27:46.150304,18.593031248929208,75.11086665608909,1015.4278199930387
2021-04-12 05:28:46.230307,18.62124954922462,74.75283640405851,1015.445352030101
2021-04-12 05:29:46.305188,18.624496428778276,74.80739462129513,1015.4782789067517
2021-04-12 05:30:46.373062,18.553613110308376,75.44734760403095,1015.5009578702094
2021-04-12 05:31:46.440301,18.703804801437624,74.31613383627916,1015.5136053006848
2021-04-12 05:32:46.520308,18.66400704073215,74.6979278075039,1015.5166046433864
2021-04-12 05:33:46.600303,18.68766289506759,74.56621423572435,1015.5125345169715
2021-04-12 05:34:46.680304,18.854181676831374,73.96257348260679,1015.5206032490037
2021-04-12 05:35:46.755056,18.755383599721963,74.36666439507796,1015.4818741067689
2021-04-12 05:36:46.815338,18.8568804458023,74.0208747279307,1015.5158231943408
2021-04-12 05:37:46.880349,18.924137373946575,73.73129372662459,1015.5273153568963
2021-04-12 05:38:46.960304,18.92923962507682,73.6770847120134,1015.5208453019779
2021-04-12 05:39:47.040316,18.878765247499796,73.88475396456133,1015.5222546443026
2021-04-12 05:40:47.115032,18.80370730066331,74.25541451826388,1015.4933357679845
2021-04-12 05:41:47.180299,18.797972681928687,73.98047970661247,1015.4421306067667
2021-04-12 05:42:47.258316,18.831445122599707,73.88627233285416,1015.4555917182063
2021-04-12 05:43:47.320431,18.8583562451103,74.02169226042338,1015.5085982739574
2021-04-12 05:44:47.400355,18.93573339952997,73.79819039492642,1015.5166024107457
2021-04-12 05:45:47.475832,18.818002090652467,74.30183166251237,1015.5492969562987
2021-04-12 05:46:47.540353,18.868940306239498,73.82951373097708,1015.5383082194109
2021-04-12 05:47:47.615072,18.844061464407464,73.81612094421769,1015.5420377218081
2021-04-12 05:48:47.680305,18.861603131641427,73.7187522969088,1015.5478054231736
2021-04-12 05:49:47.760315,18.66101287945014,74.51876457292376,1015.5689638478823
2021-04-12 05:50:47.836153,18.665778190118605,74.42820901756573,1015.6034827290281
2021-04-12 05:51:47.900322,18.71123452664143,74.58642586195526,1015.6075464192941
2021-04-12 05:52:47.975757,18.764112325705515,74.24707575644152,1015.6472403445129
2021-04-12 05:53:48.040308,18.688126735391375,74.3987035673122,1015.6509625938421
2021-04-12 05:54:48.115573,18.69647586150027,74.36797957950233,1015.6724982665467
2021-04-12 05:55:48.180303,18.63292974839071,74.58493224212762,1015.6928867797703
2021-04-12 05:56:48.256650,18.63664046947677,74.7043054485026,1015.6685414321753
2021-04-12 05:57:48.316208,18.712162207142843,74.39751499085453,1015.6574717206595
2021-04-12 05:58:48.380323,18.631158602781188,74.69381714633317,1015.6852778165174
2021-04-12 05:59:48.460360,18.81513478363014,74.07917636475844,1015.676337583119
2021-04-12 06:00:48.535900,18.699258903654805,74.36965273798182,1015.6926073477682
2021-04-12 06:01:48.600304,18.799828044166407,74.12061141402117,1015.742834813961
2021-04-12 06:02:48.680289,18.785153666331293,74.53423458665245,1015.7719736150128
2021-04-12 06:03:48.760304,18.909294462697464,73.71971227857472,1015.7826915709011
2021-04-12 06:04:48.835116,18.92738426100647,73.66570354094321,1015.7840702253128
2021-04-12 06:05:48.895052,18.862066972581015,74.36508632609946,1015.7743876736977
2021-04-12 06:06:48.960298,18.958925453775777,73.63137770035807,1015.7781118417131
2021-04-12 06:07:49.040308,18.965967384430396,73.65512271082957,1015.7841240469693
2021-04-12 06:08:49.115401,18.97237684711942,73.76733122680014,1015.8089700687877
2021-04-12 06:09:49.180353,18.927932402674976,73.9282431980795,1015.8123440808893
2021-04-12 06:10:49.260474,18.954371352237374,73.75642080985726,1015.8229100818643
2021-04-12 06:11:49.339968,18.927004720331077,73.7568399805467,1015.8180110299746
2021-04-12 06:12:49.410303,19.054932177647878,73.18576503348993,1015.8103637173376
2021-04-12 06:13:49.485463,18.973852686907897,73.58168392927807,1015.8439253928263
2021-04-12 06:14:49.550325,18.99936396288066,73.81231005163897,1015.8061694782352
2021-04-12 06:15:49.625123,18.927468561502206,73.72632632175484,1015.8050555258975
2021-04-12 06:16:49.685257,19.022556036257438,73.90177117005081,1015.8213847001415
2021-04-12 06:17:49.752170,18.96356386511758,73.45140181365026,1015.8358137499978
2021-04-12 06:18:49.820307,18.876066499663256,73.96350678572477,1015.8627403115611
2021-04-12 06:19:49.900300,18.949732939647543,73.7082163183161,1015.9018571777062
2021-04-12 06:20:49.980303,18.81104447907115,74.06648691779102,1015.9190311140003
2021-04-12 06:21:50.060369,18.924685514500066,73.86172680589053,1015.9401465566829
2021-04-12 06:22:50.140318,18.92654087916159,73.70987506902568,1015.9507440103619
2021-04-12 06:23:50.216495,18.860759742695922,74.26465134320615,1015.9933550598362
2021-04-12 06:24:50.276508,18.944082538585523,73.33988848859929,1016.0104849061069
2021-04-12 06:25:50.345030,18.95770256702467,74.01832703207128,1016.0203057930537
2021-04-12 06:26:50.405568,18.958082082427477,73.94312892966079,1016.0195598462893
2021-04-12 06:27:50.483392,19.082855446250132,73.6496576661332,1016.0345310958115
2021-04-12 06:28:50.546208,18.981737989859976,73.45033825884622,1016.0319481637649
2021-04-12 06:29:50.605230,18.897403194177254,73.85914212940637,1016.0478749588765
2021-04-12 06:30:50.680308,18.969214273628364,73.94386814515096,1016.0392833923227
2021-04-12 06:31:50.760340,18.869277519572936,74.07294314517159,1016.0427793840228
2021-04-12 06:32:50.843889,18.99278586034706,73.46667587157609,1016.0426836373907
2021-04-12 06:33:50.910394,18.874295447721583,73.8816305170502,1016.0255067963392
2021-04-12 06:34:50.985104,19.02895706870813,73.39959578155248,1016.0186348962094
2021-04-12 06:35:51.055299,18.857049014003458,74.11369739278419,1016.0362650259489
2021-04-12 06:36:51.117265,18.983036799431847,73.67960044404752,1016.0173420189516
2021-04-12 06:37:51.140176,18.860380209508705,73.99841921839737,1016.0312195749149
2021-04-12 06:38:51.215376,18.89778272986053,74.06744981858276,1016.0689230276662
2021-04-12 06:39:51.280295,18.853422590956487,74.00317221569529,1016.0821564693844
2021-04-12 06:40:51.355035,18.92877578405677,73.67779888259318,1016.1022944758
2021-04-12 06:41:51.422673,18.893987712233017,73.97567202914735,1016.1224698248172
2021-04-12 06:42:51.485052,18.78144293978018,74.00192378802214,1016.121882467431
2021-04-12 06:43:51.550297,18.807713333969847,73.94760976612763,1016.098340514205
2021-04-12 06:44:51.630346,18.849543267788572,74.00125548016858,1016.1005404481396
2021-04-12 06:45:51.710311,18.70398154702154,74.52214635262978,1016.0906163191172
2021-04-12 06:46:51.790306,18.864301898247664,73.90219922275882,1016.114852989598
2021-04-12 06:47:51.865227,18.721987083462945,74.799724493624,1016.115453446734
2021-04-12 06:48:51.935443,18.759473921424927,74.19464237570013,1016.1343280928063
2021-04-12 06:49:51.995364,18.83044152488216,73.82920201920192,1016.1293564113382
2021-04-12 06:50:52.060347,18.795653479168482,73.99596595351403,1016.125907971969
2021-04-12 06:51:52.137959,18.757618559758672,74.16407346776909,1016.1198178434948
2021-04-12 06:52:52.198311,18.72708932845158,74.33872655527111,1016.1399550120346
2021-04-12 06:53:52.256131,18.681253362626894,74.25746229896006,1016.1484525914971
2021-04-12 06:54:52.320302,18.805394131037218,74.10012807619863,1016.1153366342689
2021-04-12 06:55:52.395186,18.777563699047857,74.08339171110775,1016.1318051068025
2021-04-12 06:56:52.476681,18.697319319908434,74.23702047718808,1016.1590142430708
2021-04-12 06:57:52.540328,18.77059778335137,73.89763460794065,1016.1306549837906
2021-04-12 06:58:52.620315,18.727553168914945,74.26056368115309,1016.1354358264256
2021-04-12 06:59:52.695038,18.65426639607078,74.5937878572731,1016.1461269904473
2021-04-12 07:00:52.756277,18.807249493380038,74.11514546189638,1016.1293066494328
2021-04-12 07:01:52.820306,18.911613667469293,73.99025124644517,1016.1750686219114
2021-04-12 07:02:52.900309,18.976551417748254,73.80858194798839,1016.1613612053537
2021-04-12 07:03:52.975079,19.009947987567415,73.84355680502682,1016.2114104250027
2021-04-12 07:04:53.046186,18.963184336610468,74.01104563806851,1016.2228955769101
2021-04-12 07:05:53.110311,18.917264056116707,73.71375756107855,1016.2159940081556
2021-04-12 07:06:53.190487,18.84583254067256,73.87587048649121,1016.2530937667991
2021-04-12 07:07:53.270335,18.78405746598327,74.04956442074646,1016.2878035421304
2021-04-12 07:08:53.346385,18.84722406332875,73.99886723807184,1016.2698980338087
2021-04-12 07:09:53.405419,18.966431225739466,73.27721511577484,1016.278980662113
2021-04-12 07:10:53.470310,18.972461162906793,73.59743989475355,1016.2893847960212
2021-04-12 07:11:53.549678,18.921059098678526,74.10624169757921,1016.3251378038303
2021-04-12 07:12:53.620289,18.940076593629573,73.42389049240714,1016.3405616186741
2021-04-12 07:13:53.696371,19.075813469661483,73.23681320462755,1016.3530013181276
2021-04-12 07:14:53.760323,19.035459261914458,73.17974473929918,1016.3903112767933
2021-04-12 07:15:53.826184,19.04891066311576,73.45110388607115,1016.4313024222637
2021-04-12 07:16:53.890303,19.04891066311576,73.08153241343788,1016.4819176110127
2021-04-12 07:17:53.970305,18.98675592428982,73.17131141944651,1016.5056066364917
2021-04-12 07:18:54.046826,18.96959380010743,73.20966783465391,1016.5328307150686
2021-04-12 07:19:54.110334,18.884963798019008,73.70426891107884,1016.5609455998216
2021-04-12 07:20:54.186034,19.034143640468432,72.85130404538634,1016.5859305393111
2021-04-12 07:21:54.250309,18.87884954657672,73.66889090714076,1016.6015223026213
2021-04-12 07:22:54.326293,18.810960218144498,73.68044486771726,1016.5907375123899
2021-04-12 07:23:54.390301,18.75808240017277,73.81549548726716,1016.5813511232202
2021-04-12 07:24:54.465131,18.86392233635578,73.77054404183305,1016.5862639121106
2021-04-12 07:25:54.530322,18.87737372450861,73.61275753826044,1016.6002647536272
2021-04-12 07:26:54.610349,18.974696053007907,73.27929378171198,1016.6012012558098
2021-04-12 07:27:54.685286,19.130546782789285,73.4327028246287,1016.5720477384001
2021-04-12 07:28:54.750324,18.62382138601288,75.01794568704338,1016.6038821377957
2021-04-12 07:29:54.830314,18.93181178134733,73.81690453566634,1016.6688986648511
2021-04-12 07:30:54.910300,18.849922834516565,73.70982706422416,1016.6699176469237
2021-04-12 07:31:54.990325,18.77932653184214,73.90951593660702,1016.6742293948644
2021-04-12 07:32:55.066096,18.662430642928495,73.25527963814679,1016.6976346549936
2021-04-12 07:33:55.130310,18.335608562943403,74.59599320199095,1016.7794454622665
2021-04-12 07:34:55.205131,18.478362424727308,73.53777280696121,1016.8119843286706
2021-04-12 07:35:55.270301,18.322621069443024,74.1945192880724,1016.7721170425091
2021-04-12 07:36:55.350451,18.34340159076748,73.92414823364994,1016.7964898087407
2021-04-12 07:37:55.430293,18.478370570942193,72.80650526280593,1016.8051080753906
2021-04-12 07:38:55.510305,18.43060330629129,73.10628528483869,1016.826776780844
2021-04-12 07:39:55.590307,18.327631073944666,73.87570492563754,1016.8381089312963
2021-04-12 07:40:55.667339,18.290979729959574,73.1071822701227,1016.8713174340112
2021-04-12 07:41:55.725445,18.166215305025826,73.98871523463998,1016.8975062431039
2021-04-12 07:42:55.790348,18.346464203162412,73.25078789610654,1016.9268329784226
2021-04-12 07:43:55.870319,17.836418902597977,74.43721098596907,1016.9288312515905
2021-04-12 07:44:55.950313,17.86379319284991,74.59146241553991,1016.9489243185433
2021-04-12 07:45:56.025188,18.264540944762572,73.61576408036215,1016.9753053426113
2021-04-12 07:46:56.090300,18.335972060893326,73.29131228712743,1016.9878857470275
2021-04-12 07:47:56.170322,18.499227042011995,72.03941362563774,1017.0033633026533
2021-04-12 07:48:56.250304,18.52790097013612,71.38879639621433,1017.0102427542031
2021-04-12 07:49:56.330306,18.229653033617467,71.65975216250493,1017.0463794171741
2021-04-12 07:50:56.410292,18.287752822418057,71.09334305122408,1017.0331109212457
2021-04-12 07:51:56.486988,18.19359394140277,70.6029216260676,1017.0394212158682
2021-04-12 07:52:56.550304,17.91529222561985,70.8817054359463,1017.0917447686664
2021-04-12 07:53:56.630486,17.913892957747013,70.20566690439966,1017.080029511272
2021-04-12 07:54:56.710298,17.67974761201201,70.31405104273638,1017.1009373893621
2021-04-12 07:55:56.790326,17.7679139519783,69.42798326459734,1017.084084072356
2021-04-12 07:56:56.870320,17.51150491900016,70.61970546128535,1017.0822500784267
2021-04-12 07:57:56.946589,17.510744481510038,71.52492183652411,1017.1003870705048
2021-04-12 07:58:57.006300,17.562693912211763,71.42097030168065,1017.1634202711303
2021-04-12 07:59:57.070302,17.557211554311735,71.26717217361806,1017.1257294120128
2021-04-12 08:00:57.150304,17.587824630439528,70.66152777856854,1017.1487398517351
2021-04-12 08:01:57.230343,17.800762537927422,68.99596421916473,1017.132827874692
2021-04-12 08:02:57.310314,17.657065170587643,69.69858091844497,1017.1549364002431
2021-04-12 08:03:57.392026,17.391539169282375,69.88219774394321,1017.1418843540839
2021-04-12 08:04:57.460302,17.491560067173072,70.2565474405134,1017.1683569298823
2021-04-12 08:05:57.536695,17.50066957911684,69.34446773878662,1017.1845408741008
2021-04-12 08:06:57.600308,17.50872191623736,69.42875301486592,1017.2052420390661
2021-04-12 08:07:57.676123,17.59118564457989,68.65992468804927,1017.1969205603755
2021-04-12 08:08:57.736546,17.396010354024465,69.94630972316259,1017.1930417180821
2021-04-12 08:09:57.796327,17.39415502047827,69.86592321335014,1017.2077040774597
2021-04-12 08:10:57.860304,17.51669070041993,69.09408984844099,1017.2479690618957
2021-04-12 08:11:57.935661,17.450195300017498,68.77906992042485,1017.2364020259797
2021-04-12 08:12:58.000386,17.435725437195536,68.75881979177102,1017.3060372214723
2021-04-12 08:13:58.080299,17.420411500529546,68.79088827227875,1017.2942576856966
2021-04-12 08:14:58.155078,17.324489053900436,68.84970982217838,1017.3149362581336
2021-04-12 08:15:58.215448,17.20436381576793,69.2927251180144,1017.3433618754258
2021-04-12 08:16:58.275186,17.320223657518902,68.80819369772941,1017.3454179807482
2021-04-12 08:17:58.335440,17.38515280209489,68.34610513966553,1017.3657027668362
2021-04-12 08:18:58.395321,17.323448390258807,67.8413450387399,1017.2647865402806
2021-04-12 08:19:58.460305,17.106860913835177,68.95109816622892,1017.3197556170188
2021-04-12 08:20:58.537954,17.166778637561006,68.90261129743828,1017.3408209875053
2021-04-12 08:21:58.600346,17.335530128575968,68.55858740462565,1017.3683576676984
2021-04-12 08:22:58.675053,17.122631191693316,68.52022314686116,1017.3388449393162
2021-04-12 08:23:58.740307,17.16622405906659,68.53529269949755,1017.3348273971299
2021-04-12 08:24:58.820299,17.136060447120336,68.38003853631825,1017.3653158066282
2021-04-12 08:25:58.900323,17.170391241940507,67.93537855443239,1017.3416574944545
2021-04-12 08:26:58.975359,17.02021509670138,68.43229451006353,1017.3546377240243
2021-04-12 08:27:59.040317,17.295625812486634,67.77132330105482,1017.3568526767372
2021-04-12 08:28:59.120316,17.242299832590707,68.26880583212152,1017.3249948508981
2021-04-12 08:29:59.200336,17.325318427098303,67.95025068931797,1017.3024918003057
2021-04-12 08:30:59.280329,17.415758346358203,67.18704120415971,1017.2516443476967
2021-04-12 08:31:59.355052,17.20333793750705,67.51019693145763,1017.2099331331301
2021-04-12 08:32:59.421899,16.95381108799989,69.53601498738658,1017.2167523398342
2021-04-12 08:33:59.485968,17.104625158505232,69.2959149356597,1017.2446142365791
2021-04-12 08:34:59.550302,17.054629423878527,70.22434114526058,1017.2887867750073
2021-04-12 08:35:59.630305,17.142293735457788,69.77372019893286,1017.3071304183786
2021-04-12 08:36:59.710314,17.091986444425363,70.6643309716674,1017.3250326809704
2021-04-12 08:37:59.785137,17.17501253934218,70.71652103221034,1017.312745054654
2021-04-12 08:38:59.845042,17.291814964165233,70.45382936947723,1017.3266270073582
2021-04-12 08:39:59.910323,17.258966353625016,70.584561792313,1017.3452281850681
2021-04-12 08:40:59.990308,17.29531253630015,70.68072157638937,1017.296878369995
2021-04-12 08:42:00.070352,17.482450603810477,69.34428156995608,1017.3002933874475
2021-04-12 08:43:00.150306,17.61519087121523,69.90147280766132,1017.3154055792561
2021-04-12 08:44:00.230299,17.543463865051276,69.88294103980078,1017.3320903126207
2021-04-12 08:45:00.312063,17.533639660996688,70.01239025297075,1017.3764347562575
2021-04-12 08:46:00.380328,17.596173652443113,69.91897424983162,1017.368950362435
2021-04-12 08:47:00.460309,17.591618987137238,69.80055896278917,1017.3948145500975
2021-04-12 08:48:00.535857,17.589763648303343,69.67570203913044,1017.3713001272856
2021-04-12 08:49:00.600361,17.65183381273063,69.39051839266875,1017.3784250209987
2021-04-12 08:50:00.676897,17.65887503760523,69.49669566398279,1017.3936621061068
2021-04-12 08:51:00.750314,17.550041247390133,70.13541030843021,1017.4034924244573
2021-04-12 08:52:00.830300,17.63066481741202,69.87508949826437,1017.4255598603663
2021-04-12 08:53:00.910310,17.64820683419259,69.32739727336195,1017.4513762960019
2021-04-12 08:54:00.985319,17.77900834469964,69.24019482476729,1017.4711804829872
2021-04-12 08:55:01.055747,17.617677437850105,69.78603177534441,1017.4811070391688
2021-04-12 08:56:01.115033,17.64960603191964,69.66022287514397,1017.4648140149052
2021-04-12 08:57:01.176056,17.451875661244532,70.61002520981768,1017.4768432355869
2021-04-12 08:58:01.240975,17.756196677005406,69.246984239857,1017.4582721092133
2021-04-12 08:59:01.320305,17.4915220358212,70.12160367648636,1017.4633632775773
2021-04-12 09:00:01.397675,17.55219304257002,69.93610732932726,1017.4317877994881
2021-04-12 09:01:01.461213,17.5423688533095,70.45045856916045,1017.4609687773686
2021-04-12 09:02:01.540299,17.644032320050197,69.80210247621268,1017.446498370381
2021-04-12 09:03:01.615464,17.74413696399654,69.21801881264574,1017.4222897094584
2021-04-12 09:04:01.680320,17.792087268491322,69.40282756187534,1017.4407048369484
2021-04-12 09:05:01.755862,17.88514290856752,69.31619544543193,1017.4371577817452
2021-04-12 09:06:01.830318,17.768895482161177,69.47442528860472,1017.4472945554423
2021-04-12 09:07:01.910311,17.701723091096213,70.20406604013499,1017.4173724749156
2021-04-12 09:08:01.990315,17.692066321651616,69.91018660078362,1017.4394890023535
2021-04-12 09:09:02.070504,17.946073002069543,69.38728378725196,1017.4370191500146
2021-04-12 09:10:02.150306,18.021678312096842,69.00644081697571,1017.4663838999385
2021-04-12 09:11:02.231075,17.918714494255177,69.30162077670403,1017.448834253431
2021-04-12 09:12:02.295064,17.859511126550938,70.29028468777247,1017.4599298629444
2021-04-12 09:13:02.355432,17.91563533342035,69.76692236244753,1017.4884329904261
2021-04-12 09:14:02.415043,17.824739109374615,70.54109047462072,1017.4967479311267
2021-04-12 09:15:02.475039,18.081429358360573,69.86875567313885,1017.4960576472465
2021-04-12 09:16:02.540299,17.85859918376824,70.31417056719985,1017.5228254821764
2021-04-12 09:17:02.615152,18.10564854110314,69.40529608420644,1017.5375101297484
2021-04-12 09:18:02.682713,18.182249713178756,69.60849710843473,1017.5508773920063
2021-04-12 09:19:02.750304,17.893007001282214,70.82597731953406,1017.5745048475507
2021-04-12 09:20:02.832092,17.959319857370616,70.71102045811233,1017.6284540397397
2021-04-12 09:21:02.896118,17.90173600354815,70.4220744212094,1017.6035457897108
2021-04-12 09:22:02.960306,18.040027490956533,70.20048398338395,1017.5862620351063
2021-04-12 09:23:03.040297,17.92167308806848,70.79715511483252,1017.6066501409689
2021-04-12 09:24:03.120321,18.001901063795525,69.7044098300713,1017.6043437531615
2021-04-12 09:25:03.200289,17.90505885037704,70.40090061881045,1017.6273702458416
2021-04-12 09:26:03.280304,17.975941996712557,69.94126445394963,1017.6093969027305
2021-04-12 09:27:03.355517,18.10951120762213,69.46943059508288,1017.6324013824028
2021-04-12 09:28:03.415080,18.123342412499554,69.33028231123332,1017.6353896722276
2021-04-12 09:29:03.480301,17.957852358000164,70.00728717234284,1017.6365825092909
2021-04-12 09:30:03.561580,17.99819825995211,69.94486781728568,1017.6927140959306
2021-04-12 09:31:03.630305,17.977713451274905,69.98341760961824,1017.6859050630032
2021-04-12 09:32:03.705086,18.14784187137748,69.75881819203082,1017.6929608061939
2021-04-12 09:33:03.773741,18.05007200753343,70.15928440755437,1017.7013653496848
2021-04-12 09:34:03.860309,18.114545370175414,69.2233980886518,1017.7059202122723
2021-04-12 09:35:03.940305,17.93844720160385,70.38728665294597,1017.6714607953459
2021-04-12 09:36:04.020313,18.153415829755605,69.97610737046458,1017.7146081566747
2021-04-12 09:37:04.101636,18.072876007976692,69.68782682592843,1017.73952746482
2021-04-12 09:38:04.170301,18.0811490920403,69.53299938521893,1017.729248971785
2021-04-12 09:39:04.250304,18.13966061721744,69.50620571663111,1017.7400785592863
2021-04-12 09:40:04.330299,18.218429013339012,69.4439664329138,1017.7425682580406
2021-04-12 09:41:04.405900,18.195153237429956,69.14317873760999,1017.726334148205
2021-04-12 09:42:04.470300,18.167878703508748,69.77681400819938,1017.7783185911893
2021-04-12 09:43:04.550308,18.08818263239351,69.7878737861725,1017.7371912746623
2021-04-12 09:44:04.630356,18.07427546109642,69.75944608480192,1017.749553857958
2021-04-12 09:45:04.710307,18.09422046523393,69.6834463766871,1017.7599174589335
2021-04-12 09:46:04.788520,18.128924325883048,69.42338701841558,1017.7463102647874
2021-04-12 09:47:04.858452,18.07937767116816,70.15272586839501,1017.7643636377115
2021-04-12 09:48:04.920296,18.066862025561942,70.03435296883025,1017.7711862762543
2021-04-12 09:49:05.000302,18.18929119889303,69.32819592378956,1017.7862697528558
2021-04-12 09:50:05.080312,17.90035240751125,70.72024784462819,1017.8032506562723
2021-04-12 09:51:05.160317,17.939382780180818,70.72491351810412,1017.82922171653
2021-04-12 09:52:05.238511,18.016287896871283,70.67120472379997,1017.8542355311512
2021-04-12 09:53:05.295005,18.139584633982224,70.06251562107491,1017.8593589977319
2021-04-12 09:54:05.360314,18.036704647595855,70.52951021901816,1017.8623641792204
2021-04-12 09:55:05.440396,18.04642938845214,70.27970930733858,1017.8805076983213
2021-04-12 09:56:05.505402,18.057029563125877,70.56357693611045,1017.8914696380862
2021-04-12 09:57:05.588526,17.95979954265492,71.13370424218174,1017.8901238596777
2021-04-12 09:58:05.650300,18.103489258598625,70.2288076115446,1017.8871080794557
2021-04-12 09:59:05.730303,18.119715622400733,70.11477553537952,1017.8768469824508
2021-04-12 10:00:05.810306,17.995499135243705,70.89927503794993,1017.8948154653729
2021-04-12 10:01:05.893256,17.98994896484547,70.63855799618224,1017.9085028013474
2021-04-12 10:02:05.914993,18.10488077016049,70.66737400469023,1017.9083534391176
2021-04-12 10:03:05.980316,17.982983460735763,70.63184533223543,1017.9526238430833
2021-04-12 10:04:06.062558,18.126597194278457,70.32133876804338,1017.9643599278031
2021-04-12 10:05:06.126651,18.016751733748208,70.16169182546233,1017.962609482606
2021-04-12 10:06:06.190327,17.90822182359038,71.32875377386272,1017.9986489609087
2021-04-12 10:07:06.270340,17.955533173730494,70.57024203222628,1018.0033981800276
2021-04-12 10:08:06.350362,18.03754049956325,70.0878610138891,1018.0012734596733
2021-04-12 10:09:06.430302,17.942453991299615,70.07532716917342,1018.0322001460596
2021-04-12 10:10:06.505129,17.915087643173724,70.5410136792016,1018.0524950198205
2021-04-12 10:11:06.570316,17.85998281750875,70.5524705175962,1018.0534602871585
2021-04-12 10:12:06.648566,17.842737020441337,70.46600092040077,1018.0655844637018
2021-04-12 10:13:06.705043,17.848295224291764,70.62637674084743,1018.073751613801
2021-04-12 10:14:06.770296,17.99942202069125,70.06936264829761,1018.1058020382392
2021-04-12 10:15:06.850304,18.024545188145257,70.15259143348639,1018.1097322086117
2021-04-12 10:16:06.930286,17.942993824222114,69.96510232380169,1018.1218358092243
2021-04-12 10:17:07.010317,17.735302524823314,70.80584877316132,1018.1433101320399
2021-04-12 10:18:07.090315,17.939290998063615,69.91495870838901,1018.1747967620773
2021-04-12 10:19:07.167427,18.044574041289295,69.67704658633883,1018.1799244278366
2021-04-12 10:20:07.225624,17.973994874196496,70.1879687923095,1018.1920508746148
2021-04-12 10:21:07.306614,18.00337645439707,69.60055634024751,1018.1870894242477
2021-04-12 10:22:07.376599,18.02881149312463,69.5442784058965,1018.1884588669901
2021-04-12 10:23:07.436152,18.0523832778119,69.86108858723223,1018.2061826967941
2021-04-12 10:24:07.500359,18.020850278079905,69.4860293244331,1018.204707403959
2021-04-12 10:25:07.575138,18.02834765620501,69.50330117447088,1018.2064506599755
2021-04-12 10:26:07.637356,18.00276063930347,70.12522181256102,1018.2020958736917
2021-04-12 10:27:07.695317,18.002372791327154,69.66543495473934,1018.1997346522231
2021-04-12 10:28:07.756521,17.904139089146312,69.67061570398602,1018.2176782477251
2021-04-12 10:29:07.834619,17.934660517150867,70.1485291670182,1018.2216196079577
2021-04-12 10:30:07.895054,18.04265061530874,70.06216177487336,1018.2369300807186
2021-04-12 10:31:07.955605,17.98373544250806,69.86003555828646,1018.2472407583555
2021-04-12 10:32:08.015886,17.99132460267154,69.55321917852754,1018.2606185597746
2021-04-12 10:33:08.080303,18.021390102607768,69.1685758452413,1018.2690834622534
2021-04-12 10:34:08.160315,18.144595013549374,68.87771570568819,1018.298540934034
2021-04-12 10:35:08.235238,17.83178053493718,69.81232129565002,1018.291472467595
2021-04-12 10:36:08.320307,18.17715544894594,69.1530573283066,1018.2997991254756
2021-04-12 10:37:08.397357,18.1170404515763,69.36090311565428,1018.2980180191943
2021-04-12 10:38:08.460303,18.1989478504728,69.02133350454896,1018.3219647338232
2021-04-12 10:39:08.540300,17.947084505662822,69.41821539544813,1018.3610441639281
2021-04-12 10:40:08.620316,17.998486494565977,69.61457229494485,1018.3742329109691
2021-04-12 10:41:08.702568,17.977530035685664,69.17728235467749,1018.3954074335807
2021-04-12 10:42:08.770295,17.76720773117551,69.78993877549925,1018.4132840425954
2021-04-12 10:43:08.845252,17.972891674987558,69.1089579729506,1018.398463508318
2021-04-12 10:44:08.910353,17.921489689803852,69.55501682627552,1018.4172793183244
2021-04-12 10:45:08.985338,17.755064196539575,69.82791110010882,1018.4189979453092
2021-04-12 10:46:09.045396,17.80915764755564,69.30667084555034,1018.4310088111666
2021-04-12 10:47:09.110303,17.83622768046461,69.55988130042672,1018.4436630691077
2021-04-12 10:48:09.186933,17.830121806960037,69.51071141860702,1018.4856585567592
2021-04-12 10:49:09.250337,17.750889674460705,70.0446820146732,1018.4769788249667
2021-04-12 10:50:09.325019,17.833284862602405,69.4118728668567,1018.4996454540429
2021-04-12 10:51:09.392203,17.705973624016366,69.7342561805184,1018.4864786636407
2021-04-12 10:52:09.460323,17.767884037307365,69.64398069461453,1018.5074276966833
2021-04-12 10:53:09.540307,17.535373679057116,70.47861178566549,1018.5309891246761
2021-04-12 10:54:09.615176,17.831885588141287,69.31914713893437,1018.550220695856
2021-04-12 10:55:09.680347,17.762394025722106,69.83208743131904,1018.5579778433175
2021-04-12 10:56:09.760318,17.92085825414203,69.11931266279724,1018.543350403511
2021-04-12 10:57:09.840371,17.689747143030917,69.71854715126665,1018.5450347049551
2021-04-12 10:58:09.920363,17.681854175626075,70.05925748220878,1018.5374276261672
2021-04-12 10:59:10.000299,17.75544424797077,69.75285429539082,1018.5604462977149
2021-04-12 11:00:10.081598,17.973735536896584,68.91057452933214,1018.5681369291632
2021-04-12 11:01:10.152999,17.88855733531815,69.00434596105572,1018.556774598655
2021-04-12 11:02:10.215046,17.977530035685664,68.96482328105971,1018.5790735760332
2021-04-12 11:03:10.280300,17.911285297387955,69.30094211131373,1018.5788447057407
2021-04-12 11:04:10.360270,17.77323759923981,69.93137763274758,1018.566882380828
2021-04-12 11:05:10.440279,17.751817346022293,69.7257640805988,1018.5875453607728
2021-04-12 11:06:10.520307,17.568229976595077,70.54977494550819,1018.5916047562491
2021-04-12 11:07:10.600307,17.754044987461302,70.11761705633387,1018.5802117181897
2021-04-12 11:08:10.675711,17.70598139423793,70.10493602070645,1018.596023874202
2021-04-12 11:09:10.740307,17.912129165008356,69.05812144174021,1018.6070183959815
2021-04-12 11:10:10.815569,17.922037348670763,69.08673854190998,1018.6029130381305
2021-04-12 11:11:10.880311,17.70644523001626,69.74506054104474,1018.5965663743299
2021-04-12 11:12:10.955032,17.884930458225156,68.73643154672237,1018.628637308109
2021-04-12 11:13:11.020779,17.688735694797572,69.93049114375923,1018.6367151579428
2021-04-12 11:14:11.097650,17.750881904050296,69.76525782981653,1018.6251283880054
2021-04-12 11:15:11.160367,17.713402766888276,70.25891160745542,1018.6518656405387
2021-04-12 11:16:11.235976,17.817674246079953,69.30873621588816,1018.6426174114329
2021-04-12 11:17:11.297477,17.764416921223216,69.5862701364124,1018.6424156313526
2021-04-12 11:18:11.360345,17.900153233840715,68.9681308748375,1018.65846906879
2021-04-12 11:19:11.440313,17.818062074054964,69.0364374728145,1018.6787335021952
2021-04-12 11:20:11.518223,17.862750146786908,69.20190901268262,1018.6849983758736
2021-04-12 11:21:11.580303,17.7116390356758,69.99319677518984,1018.683313849709
2021-04-12 11:22:11.660356,17.895766361240437,69.17139891680122,1018.691365794792
2021-04-12 11:23:11.737875,17.8724985441843,69.56782997125121,1018.7109540992101
2021-04-12 11:24:11.795355,18.01767151038059,68.99199044809077,1018.7128854925173
2021-04-12 11:25:11.855801,18.026020571105914,69.0803376666776,1018.7327589557119
2021-04-12 11:26:11.927126,17.97408664903736,69.58893998423149,1018.719208021113
2021-04-12 11:27:11.990303,18.006091400116986,68.57950158586955,1018.7145704807987
2021-04-12 11:28:12.070292,18.071560481581198,68.74629589053445,1018.7183675591278
2021-04-12 11:29:12.150303,17.975478159791294,68.84588530574865,1018.7461668936126
2021-04-12 11:30:12.225796,18.1126900211668,69.1315997099042,1018.7181693276777
2021-04-12 11:31:12.290304,18.213958530343827,68.3411485081041,1018.7281736327953
2021-04-12 11:32:12.365207,18.187071945614075,68.62580257092412,1018.705174975597
2021-04-12 11:33:12.430303,18.17640367602963,68.78380871256995,1018.7179814664298
2021-04-12 11:34:12.510354,18.401837150538157,68.02413427632064,1018.720273786903
2021-04-12 11:35:12.590303,18.38042461529413,68.41001831733348,1018.7309204740898
2021-04-12 11:36:12.667545,18.21306296460233,69.04532983918202,1018.7339292550135
2021-04-12 11:37:12.733810,18.057677227400504,69.31353516220939,1018.7780356640864
2021-04-12 11:38:12.800387,18.221783819709152,68.66931102327867,1018.7461025364148
2021-04-12 11:39:12.880298,18.315563166596267,68.28664429217852,1018.7817856975156
2021-04-12 11:40:12.956104,18.31231629734213,68.14062159371063,1018.7808184904092
2021-04-12 11:41:13.022067,18.335508222351265,68.39522495824106,1018.8045637895725
2021-04-12 11:42:13.086646,18.25943872367205,68.55476048346247,1018.8015890386318
2021-04-12 11:43:13.150393,18.27706457919082,68.57516567191799,1018.7800573380819
2021-04-12 11:44:13.230319,18.23811023501065,68.9030408204875,1018.7951844205598
2021-04-12 11:45:13.262185,18.17735548772379,68.9546252518922,1018.7966209126485
2021-04-12 11:46:13.330361,18.188943375401543,68.83011628151323,1018.8084912808704
2021-04-12 11:47:13.410304,18.135146203857868,69.03931616218713,1018.8102353585796
2021-04-12 11:48:13.490301,18.12354220395093,69.15632732638574,1018.8612574697946
2021-04-12 11:49:13.570311,18.124461856071086,68.58651821356298,1018.8527538397069
2021-04-12 11:50:13.651735,18.111018579099657,68.70200202344442,1018.8572672805012
2021-04-12 11:51:13.715107,17.918997776520587,69.78615670961875,1018.8900287247062
2021-04-12 11:52:13.775564,18.060368301663814,69.04931921185913,1018.884234521893
2021-04-12 11:53:13.840299,18.127236879606908,68.9612678022889,1018.904858384544
2021-04-12 11:54:13.920302,18.24495168668959,68.07419158089984,1018.8892777989332
2021-04-12 11:55:14.000338,18.16528762876771,68.94262838069423,1018.8533093862226
2021-04-12 11:56:14.080309,18.288644421826135,68.08772108607384,1018.845855160026
2021-04-12 11:57:14.119441,18.277800194226373,67.77456405469073,1018.8758313081579
2021-04-12 11:58:14.190454,18.080693203018857,68.91979341768811,1018.8610806428219
2021-04-12 11:59:14.270311,18.09245705218999,68.87293622250598,1018.8658858467262
2021-04-12 12:00:14.352401,18.167606819425316,68.51302193265252,1018.8290524135773
2021-04-12 12:01:14.415934,18.19033489004243,68.28702573037292,1018.7983191842438
2021-04-12 12:02:14.480300,18.24969812032372,68.21209572961229,1018.8239117088976
2021-04-12 12:03:14.560303,18.20053127638066,68.50885674245738,1018.813614969724
2021-04-12 12:04:14.636564,18.264085187158564,68.4275292933929,1018.8373562882026
2021-04-12 12:05:14.700302,18.204258115305464,68.65654832610397,1018.8432490538358
2021-04-12 12:06:14.780311,18.35683670024842,68.0171230027085,1018.8733426166192
2021-04-12 12:07:14.860306,18.27103468098334,68.40562974994504,1018.8421185971013
2021-04-12 12:08:14.940355,17.969920037974127,68.81960625126425,1018.8509071591285
2021-04-12 12:09:15.016236,18.27289811852164,68.87503788986947,1018.8269194975696
2021-04-12 12:10:15.050310,18.314643590927727,68.38072405569525,1018.8290410988026
2021-04-12 12:11:15.125864,18.185240740063374,69.10340317892988,1018.8361833477644
2021-04-12 12:12:15.192503,18.193581757595307,68.98987009243426,1018.8139150104357
2021-04-12 12:13:15.260305,18.294226598684943,68.40548870937484,1018.8051812911712
2021-04-12 12:14:15.336270,17.97788125268714,69.3429441471179,1018.7971494453429
2021-04-12 12:15:15.400302,18.369184227022686,67.9141150567302,1018.7855275285755
2021-04-12 12:16:15.480303,18.19673657111506,69.01276549748142,1018.7791177472737
2021-04-12 12:17:15.560300,18.21482625017491,68.69100814377036,1018.7682471078069
2021-04-12 12:18:15.640339,18.257971247344152,68.48202491011448,1018.7428411268822
2021-04-12 12:19:15.715009,18.325683568710712,68.49553534699012,1018.7647104188544
2021-04-12 12:20:15.778278,18.18987912401423,69.07380752557174,1018.7848942921546
2021-04-12 12:21:15.850589,18.27846418074059,68.67360095695653,1018.7783101746274
2021-04-12 12:22:15.925352,18.352206410899882,67.91187265585921,1018.802172623567
2021-04-12 12:23:15.988194,18.286349435955565,68.56597986997186,1018.8212452838821
2021-04-12 12:24:16.045332,18.29237933732253,68.20052425602158,1018.7783232661533
2021-04-12 12:25:16.110361,18.554263826231157,67.58177552060259,1018.7625501278028
2021-04-12 12:26:16.185791,18.460744688341194,68.07429196603883,1018.7722832479542
2021-04-12 12:27:16.250306,18.36149944563856,68.19823005717299,1018.7860177462289
2021-04-12 12:28:16.330400,18.418527225686837,68.55796317798804,1018.8123004644062
2021-04-12 12:29:16.410301,18.273825795541708,69.0905579975947,1018.7981732332214
2021-04-12 12:30:16.485034,18.29099593495343,68.27052836727569,1018.8171475172217
2021-04-12 12:31:16.550317,18.449140579921433,68.1888680356327,1018.7968579855998
2021-04-12 12:32:16.630304,18.28125532132857,68.78179159239505,1018.7899847384646
2021-04-12 12:33:16.706747,18.405463789047452,68.53889874554622,1018.7821322383237
2021-04-12 12:34:16.770778,18.387921987995234,68.50916129697328,1018.7646967658271
2021-04-12 12:35:16.843336,18.384219407829793,68.41440523027092,1018.7654009563671
2021-04-12 12:36:16.910298,18.30862180906783,68.73344521827022,1018.7774872090022
2021-04-12 12:37:16.997073,18.45471478167996,68.2642987247449,1018.7702916046101
2021-04-12 12:38:17.070580,18.364738175372832,68.60559935450598,1018.7443111180002
2021-04-12 12:39:17.152952,18.3498953335404,68.2605352214869,1018.7455030764092
2021-04-12 12:40:17.220307,18.332269461048433,68.70954660534036,1018.7872731782531
2021-04-12 12:41:17.300298,18.29563432264837,69.06509718600009,1018.7787376054542
2021-04-12 12:42:17.380338,18.5098275227139,68.69932837253396,1018.7389279005719
2021-04-12 12:43:17.460308,18.366601674857694,68.89414738630353,1018.727914090343
2021-04-12 12:44:17.535548,18.534950777644877,68.50891280279558,1018.7393606566624
2021-04-12 12:45:17.600309,18.478842578111102,68.48259048623697,1018.7175328768152
2021-04-12 12:46:17.680299,18.490430386719666,68.60090808977421,1018.7125703881491
2021-04-12 12:47:17.756479,18.402772965243816,68.13689664806573,1018.6859330754727
2021-04-12 12:48:17.815091,18.579319275608555,67.6169592599512,1018.7159424876975
2021-04-12 12:49:17.875542,18.257767709241996,69.11898456683579,1018.7282011688715
2021-04-12 12:50:17.940309,18.372167743323363,68.4799505623809,1018.7226189031009
2021-04-12 12:51:18.020329,18.325320007784597,68.58830156856666,1018.7044011282103
2021-04-12 12:52:18.100346,18.506672935317265,67.9103654207543,1018.713995558398
2021-04-12 12:53:18.180310,18.515494087755602,68.33549896168765,1018.7198628675717
2021-04-12 12:54:18.256321,18.400925767496393,68.35189410052548,1018.7393775599936
2021-04-12 12:55:18.320306,18.387010593721214,68.57625505342577,1018.7349126667839
2021-04-12 12:56:18.395033,18.393496186208377,68.16146113671675,1018.7189236018862
2021-04-12 12:57:18.460320,18.442671297689504,68.28899815431365,1018.7291644878461
2021-04-12 12:58:18.535132,18.431067145358835,68.43728142789797,1018.708893396652
2021-04-12 12:59:18.595965,18.548326165456285,67.75121163819472,1018.692887746821
2021-04-12 13:00:18.660296,18.4115859059359,68.30044815573459,1018.6894915520749
2021-04-12 13:01:18.735607,18.515485882998313,68.15741677770133,1018.7266451274709
2021-04-12 13:02:18.800327,18.48580835952954,68.42323771279953,1018.7104561760306
2021-04-12 13:03:18.875083,18.37587845576518,68.82610672784267,1018.6628875624251
2021-04-12 13:04:18.942440,18.4227180423943,68.61720763013207,1018.6654127073219
2021-04-12 13:05:19.006342,18.294706645096245,69.10683946068147,1018.6084631221423
2021-04-12 13:06:19.070290,18.307686011269674,69.24086636106782,1018.660753680849
2021-04-12 13:07:19.150303,18.208432661459796,69.34772552829196,1018.6138139321816
2021-04-12 13:08:19.226348,18.357788733603996,69.04495985988734,1018.6130793354796
2021-04-12 13:09:19.290325,18.27986380515556,69.07018798010013,1018.6383162943007
2021-04-12 13:10:19.370374,18.34526508126325,68.98085723310716,1018.5832663622866
2021-04-12 13:11:19.446467,18.319281977571695,69.01587564013161,1018.5697886064096
2021-04-12 13:12:19.505239,18.3476683794894,69.04704848201851,1018.5503523651746
2021-04-12 13:13:19.565178,18.441355722413977,68.69403936188488,1018.5486220172922
2021-04-12 13:14:19.650341,18.384691398235706,68.97945546814923,1018.5551663356111
2021-04-12 13:15:19.730302,18.438488570662855,68.6345383188444,1018.5641387203534
2021-04-12 13:16:19.810312,18.374950777644873,68.8590714343157,1018.5538972643824
2021-04-12 13:17:19.890308,18.341090530749028,69.09466463291653,1018.5446674100855
2021-04-12 13:18:19.970303,18.102297715164678,69.94253639510114,1018.568182583154
2021-04-12 13:19:20.050298,18.158338116386716,69.7885886276475,1018.5626545974874
2021-04-12 13:20:20.130359,18.162504600032772,69.34630356079418,1018.6039649713457
2021-04-12 13:21:20.205011,18.097111476197835,69.95518209440206,1018.5342437141013
2021-04-12 13:22:20.270311,18.641650251632218,68.43333401146344,1018.5874403281077
2021-04-12 13:23:20.347004,18.612436590841725,68.72828519523017,1018.5566035517618
2021-04-12 13:24:20.405300,18.50528961791922,69.18045614767723,1018.583150682813
2021-04-12 13:25:20.465076,18.54332446407631,69.03808629656616,1018.5416024095525
2021-04-12 13:26:20.530305,18.653710087348596,68.4265953453436,1018.5307045215321
2021-04-12 13:27:20.610310,18.42698489289365,69.18668559421165,1018.519968835359
2021-04-12 13:28:20.685747,18.488591396264997,68.93193183877162,1018.5484580445383
2021-04-12 13:29:20.750314,18.41112206693733,69.19404829437964,1018.552383451296
2021-04-12 13:30:20.830304,18.376797985599858,68.7658334221352,1018.4920325457223
2021-04-12 13:31:20.910290,18.313168016457045,69.11039428883126,1018.6118332175638
2021-04-12 13:32:20.987495,18.19831226821621,69.58836368486942,1018.5544790572994
2021-04-12 13:33:21.045038,18.117520353081606,69.4765324587534,1018.5159636813551
2021-04-12 13:34:21.105088,18.602695953318754,68.55245331736867,1018.5738895098408
2021-04-12 13:35:21.170305,18.944546379659766,67.80823771580431,1018.5482979469565
2021-04-12 13:36:21.247196,18.83924616135727,64.59491789801572,1018.506331300949
2021-04-12 13:37:21.305039,18.094784252370477,68.36348708233493,1018.5703002268049
2021-04-12 13:38:21.365642,17.54512196590543,69.02358703492936,1018.5542450748065
2021-04-12 13:39:21.425216,17.594760166065264,70.14247759574855,1018.5719342431794
2021-04-12 13:40:21.486989,17.912959930437925,68.72107436642891,1018.5009666699921
2021-04-12 13:41:21.545468,18.143943044870028,67.93901734990193,1018.4748324905853
2021-04-12 13:42:21.610338,18.272442385815804,67.32809462554349,1018.4728575014099
2021-04-12 13:43:21.685842,18.542388569059987,65.43610967399732,1018.4646884701149
2021-04-12 13:44:21.750326,17.498290099391156,69.1490618986458,1018.5029571335248
2021-04-12 13:45:21.825243,18.541008079550025,61.483858380417416,1018.3990604651736
2021-04-12 13:46:21.886411,17.98221331791953,63.370844519916744,1018.44261455535
2021-04-12 13:47:21.950311,17.941388117593565,62.63061606382381,1018.4503133685291
2021-04-12 13:48:22.030307,17.90975600139852,61.75130607581046,1018.4437555951973
2021-04-12 13:49:22.110312,17.287269509071688,64.14476428779193,1018.3950019749157
2021-04-12 13:50:22.185416,17.374266758922477,61.96516974074105,1018.3952347341328
2021-04-12 13:51:22.250307,16.85911806264684,65.62464949497453,1018.4154617566725
2021-04-12 13:52:22.330300,16.99193976012369,63.87966973230975,1018.4198122635535
2021-04-12 13:53:22.410248,16.724178979461804,66.18535394124947,1018.4332507159618
2021-04-12 13:54:22.490299,17.08830035745678,66.41547470155729,1018.4047346793305
2021-04-12 13:55:22.570404,17.682568457473995,64.16759639184818,1018.386662845303
2021-04-12 13:56:22.650314,17.74378697003377,62.08068928419227,1018.3706346073469
2021-04-12 13:57:22.725087,17.14719239665029,63.32103360899776,1018.3572343621538
2021-04-12 13:58:22.790464,17.269477139804287,61.933878448893495,1018.3576303575949
2021-04-12 13:59:22.866026,17.13796302951005,61.61954117001484,1018.335254617218
2021-04-12 14:00:22.925628,16.892556455418436,65.20907582877706,1018.3277469935949
2021-04-12 14:01:22.990305,17.365156791106624,62.387607665964666,1018.3033726671679
2021-04-12 14:02:23.070296,16.239477784744803,67.33891958313245,1018.3487280670466
2021-04-12 14:03:23.150309,16.911678520770042,66.84405633399071,1018.316008670624
2021-04-12 14:04:23.231969,17.678021358563587,64.17986918213805,1018.3088392251889
2021-04-12 14:05:23.298878,17.747855242513907,60.676011586999856,1018.2608128364155
2021-04-12 14:06:23.360317,17.752037260515664,60.80099656210305,1018.2826451929526
2021-04-12 14:07:23.435039,16.95285443916049,64.14595725401892,1018.3048993584118
2021-04-12 14:08:23.495369,17.18477001988286,62.2499231159864,1018.2970956082922
2021-04-12 14:09:23.578730,17.254598468402616,60.63992487006557,1018.2938510116751
2021-04-12 14:10:23.660303,16.525708291633087,62.44308262319332,1018.3144512565536
2021-04-12 14:11:23.735093,16.633018904932932,62.70499001638497,1018.2802998890543
2021-04-12 14:12:23.800313,17.045149561363655,63.60951887795167,1018.2915818833617
2021-04-12 14:13:23.880334,16.933927912766197,64.98826712572503,1018.2592701176582
2021-04-12 14:14:23.961462,16.99479508616516,65.47943282985568,1018.2147865383052
2021-04-12 14:15:24.025922,17.192554667939568,66.05809000858893,1018.2051908394792
2021-04-12 14:16:24.085049,17.57112658802852,65.00207950791646,1018.2572622385326
2021-04-12 14:17:24.150304,17.326518908923283,64.05860943990923,1018.1870471020699
2021-04-12 14:18:24.230307,17.164641186826714,66.8231665206892,1018.1964396886192
2021-04-12 14:19:24.310504,17.44905455930636,65.44950088358273,1018.2510643628921
2021-04-12 14:20:24.390304,17.94915223611933,62.97182642583734,1018.1553553622897
2021-04-12 14:21:24.470318,17.832014465966424,63.67410456807626,1018.1959551964712
2021-04-12 14:22:24.546623,17.08254281968533,66.68869614730943,1018.3004667076016
2021-04-12 14:23:24.617286,17.497498798973457,63.682632915379955,1018.2105856024314
2021-04-12 14:24:24.680366,17.59664564897124,63.10475947824066,1018.2303481547809
2021-04-12 14:25:24.756677,17.603625578270723,63.496442895845306,1018.2321329343717
2021-04-12 14:26:24.815653,16.972523830304738,65.56019837004143,1018.230629567057
2021-04-12 14:27:24.880308,16.822880301065354,67.90298627057955,1018.2404504641235
2021-04-12 14:28:24.960306,17.649545096138397,63.28670386770963,1018.2420819779835
2021-04-12 14:29:25.037071,17.064917188250135,65.39870268899706,1018.2781627114344
2021-04-12 14:30:25.095107,16.65240423924864,68.185143100501,1018.2600037995293
2021-04-12 14:31:25.160295,17.360082068765337,66.57048314403713,1018.2410660008911
2021-04-12 14:32:25.241573,17.713060016359023,65.2642711269021,1018.2683378774325
2021-04-12 14:33:25.310359,17.98541524924932,64.09865185968053,1018.2362359176323
2021-04-12 14:34:25.390301,17.84504837146399,65.44646409384316,1018.2737793843619
2021-04-12 14:35:25.470291,17.974283183179747,64.96582308446513,1018.2687018220657
2021-04-12 14:36:25.550300,17.522842411966355,66.04561136669565,1018.248509364149
2021-04-12 14:37:25.625101,17.50615978514797,66.37940201838428,1018.252686553651
2021-04-12 14:38:25.690312,18.013117027536534,65.61042551584782,1018.2523910530566
2021-04-12 14:39:25.766271,17.18604532532033,67.35984407459372,1018.231894820632
2021-04-12 14:40:25.830492,17.663848357535763,65.78488221177204,1018.1927666046644
2021-04-12 14:41:25.905415,17.631859243248737,66.01741458833251,1018.1773338958415
2021-04-12 14:42:25.970301,18.190522798761343,62.58887386831308,1018.2112357140869
2021-04-12 14:43:26.045005,16.482047751278362,67.0268320172921,1018.2300109423456
2021-04-12 14:44:26.110305,17.476215491498273,63.9942927926036,1018.1997595332082
2021-04-12 14:45:26.190329,17.786696669181506,64.039004134329,1018.1665800765571
2021-04-12 14:46:26.270305,18.000805676134323,63.84932419562709,1018.1747926819284
2021-04-12 14:47:26.350301,18.033441958863975,63.98546538061112,1018.1534334533674
2021-04-12 14:48:26.430304,18.08977841465211,63.40124837656787,1018.1746222777849
2021-04-12 14:49:26.510363,17.852569306865924,64.84029501711348,1018.1593616268618
2021-04-12 14:50:26.587841,17.734367008688846,65.03692341629603,1018.1641003378195
2021-04-12 14:51:26.645124,17.682896864325873,65.23991884095935,1018.156187065574
2021-04-12 14:52:26.705224,17.790886913664465,65.16345775622449,1018.1917213728743
2021-04-12 14:53:26.770304,17.94996713165078,65.10497662784529,1018.1750039931966
2021-04-12 14:54:26.850347,17.592456622680412,66.15799488070145,1018.1368995408776
2021-04-12 14:55:26.925468,18.12910825982464,65.20073480783017,1018.1671500759217
2021-04-12 14:56:26.990303,18.22001247649068,64.46576057040902,1018.1082400078859
2021-04-12 14:57:27.065055,18.258982964008794,64.69638658568215,1018.1445237454475
2021-04-12 14:58:27.125297,18.175863867611188,64.37936247659762,1018.1328045480961
2021-04-12 14:59:27.190282,17.83782624891609,65.24060404069253,1018.143526558609
2021-04-12 15:00:27.266175,17.59327709483584,62.73211460147049,1018.1931103065243
2021-04-12 15:01:27.330364,16.20104990108056,67.27966968513591,1018.1818391952653
2021-04-12 15:02:27.410316,16.06590220333069,65.49559471029607,1018.1522245229644
2021-04-12 15:03:27.490324,16.939005173126812,65.02981231266703,1018.1556046535834
2021-04-12 15:04:27.570367,17.498471907010483,63.371064990905566,1018.1668090231246
2021-04-12 15:05:27.645241,17.715462913710095,62.904104012787954,1018.1799821163397
2021-04-12 15:06:27.710303,15.86060624319839,67.44917045742687,1018.1601175562748
2021-04-12 15:07:27.785811,16.74162642176708,64.34768036403449,1018.1892513920129
2021-04-12 15:08:27.850320,15.3570975149118,68.19130397447688,1018.2441120288438
2021-04-12 15:09:27.930310,16.001270774966105,66.97495475403747,1018.2542272476861
2021-04-12 15:10:28.006305,17.23252785382101,62.39433189183717,1018.2315701400325
2021-04-12 15:11:28.070860,16.016957858548427,66.72394986564777,1018.2206911080991
2021-04-12 15:12:28.140304,17.101559950998542,61.34052947680502,1018.2268064854995
2021-04-12 15:13:28.220340,15.981153139601648,65.00745482927003,1018.2826039481276
2021-04-12 15:14:28.300319,15.56666423640332,67.25203348986327,1018.2241827927858
2021-04-12 15:15:28.378615,17.134492062972534,61.74655513865049,1018.2434583573227
2021-04-12 15:16:28.436410,17.29544208143153,62.671483368132606,1018.2247490427247
2021-04-12 15:17:28.500303,17.20516169297663,62.88991355262462,1018.2079745565243
2021-04-12 15:18:28.581544,17.33836547929176,63.28248501627789,1018.1935839986373
2021-04-12 15:19:28.650301,17.601831024725495,63.53289092250449,1018.2256659569459
2021-04-12 15:20:28.730308,17.633919367195503,63.61976195942905,1018.1838081005401
2021-04-12 15:21:28.805532,17.72584254478077,63.808033847563706,1018.1517395937996
2021-04-12 15:22:28.870501,17.20088040054391,65.43793028400303,1018.1788848584869
2021-04-12 15:23:28.950304,15.450409562492588,68.38625057493387,1018.1585425363926
2021-04-12 15:24:29.030311,15.040685572673517,69.2795167640497,1018.1220149702688
2021-04-12 15:25:29.110302,17.407225928183422,61.42434303400723,1018.1299623449264
2021-04-12 15:26:29.190329,17.11872175479715,61.63087900462388,1018.0521748957252
2021-04-12 15:27:29.265429,17.15490069989977,63.36698599776991,1018.0704554350156
2021-04-12 15:28:29.345437,17.262129634047234,63.56581745874464,1018.0260882599797
2021-04-12 15:29:29.410317,17.573445760458338,63.365571180079634,1018.0882421328529
2021-04-12 15:30:29.490310,17.666592835412345,62.835067415665975,1018.1317209766978
2021-04-12 15:31:29.566238,15.312944513014555,68.33489881537217,1018.0997182911675
2021-04-12 15:32:29.625125,16.15610643747354,65.87659508702512,1018.0818401051679
2021-04-12 15:33:29.690303,17.16826835756119,64.2652188495446,1018.1417967221792
2021-04-12 15:34:29.770306,16.910080685067193,64.69712784899656,1018.1860234514203
2021-04-12 15:35:29.850318,17.471698812625093,60.94064452274296,1018.1515014521616
2021-04-12 15:36:29.931845,17.61911440449812,61.994828224513995,1018.1911231242415
2021-04-12 15:37:30.000307,17.38049075468099,63.37378883467888,1018.0881905154263
2021-04-12 15:38:30.076540,17.73966608948157,62.924042784797905,1018.1171006258008
2021-04-12 15:39:30.135927,18.256591854585512,60.03919073154408,1018.122506275242
2021-04-12 15:40:30.200324,16.560815666550845,65.38306936719943,1018.1776846749107
2021-04-12 15:41:30.280063,16.98606570823105,63.89780936847843,1018.0496359057541
2021-04-12 15:42:30.360301,17.34840264333443,63.24774974764476,1018.0243692884956
2021-04-12 15:43:30.438723,17.72094521133033,63.00053066003434,1018.096780000007
2021-04-12 15:44:30.500339,17.96787330171136,62.62246543192173,1018.0369073503341
2021-04-12 15:45:30.580303,17.999042051317947,62.69810361590913,1018.0270401104863
2021-04-12 15:46:30.660301,17.837634821316122,63.59758158074138,1018.0478285648204
2021-04-12 15:47:30.740286,17.820168881737487,63.83937519839297,1018.0740270186308
2021-04-12 15:48:30.815409,18.391532467014468,59.39505331352094,1018.1017487070161
2021-04-12 15:49:30.880302,17.479751226967398,63.27294525491439,1018.126833068153
2021-04-12 15:50:30.960459,17.3192647064716,63.63592963602137,1018.0603536263119
2021-04-12 15:51:31.035159,17.349794143949772,63.36385606482815,1018.1063573895211
2021-04-12 15:52:31.099894,17.191413801801527,64.27136902272767,1018.0962178387282
2021-04-12 15:53:31.175165,17.83985457273101,62.49963167319013,1018.0523337222071
2021-04-12 15:54:31.242894,17.881775271853503,62.613677981650895,1018.0603949256806
2021-04-12 15:55:31.306408,16.783407886424612,65.64773836560332,1018.1261949286445
2021-04-12 15:56:31.370495,18.061948229082756,59.848267816945125,1018.0626217217473
2021-04-12 15:57:31.435194,16.094202765394474,66.05875006414422,1018.1309315961786
2021-04-12 15:58:31.520298,17.101179601912467,62.12424671347253,1018.1345559678198
2021-04-12 15:59:31.600317,17.274569589493183,62.03480608197614,1018.12291871339
2021-04-12 16:00:31.680292,17.42818203581423,62.27629083580618,1018.1155537312072
2021-04-12 16:01:31.760326,17.340981306968885,62.36275026787731,1018.0910011690935
2021-04-12 16:02:31.835632,17.74506463418858,61.504659428341235,1018.1053723701376
2021-04-12 16:03:31.896873,17.989338372939002,60.21090211171712,1018.1085233580858
2021-04-12 16:04:31.959757,17.68877321794882,59.72958400051383,1018.1090548239573
2021-04-12 16:05:32.040292,17.8278399516319,59.283552358088016,1018.1001447972984
2021-04-12 16:06:32.115377,17.86409510358038,60.12128951441486,1018.1523493613278
2021-04-12 16:07:32.175305,17.65259412541787,60.86878080696951,1018.117259653225
2021-04-12 16:08:32.235027,17.139503349331164,61.4124420579776,1018.1063332045244
2021-04-12 16:09:32.300310,17.71504445300613,60.74433267859027,1018.0980727545916
2021-04-12 16:10:32.380298,17.729210529813074,61.06774509957198,1018.0382404639297
2021-04-12 16:11:32.460301,17.88189605945263,61.1318215567896,1017.9739910380292
2021-04-12 16:12:32.537075,17.73338504383723,61.33102584421128,1018.019061875791
2021-04-12 16:13:32.595099,17.476040553753098,62.34280420220283,1018.002967537596
2021-04-12 16:14:32.655462,17.554976050032636,62.39071618385307,1017.9755007416309
2021-04-12 16:15:32.717487,17.947213106753985,61.19926839834154,1017.9680736330142
2021-04-12 16:16:32.775104,17.739202254089143,62.17169320596332,1017.9913344317342
2021-04-12 16:17:32.841317,18.243224476163974,61.75727812598321,1017.9397981088894
2021-04-12 16:18:32.910315,17.157386883508025,63.7448489953013,1017.9838039054904
2021-04-12 16:19:32.990305,17.632352753940168,62.05755754780354,1017.9954827581596
2021-04-12 16:20:33.065999,17.68776188107906,60.218101794852004,1017.9515199549855
2021-04-12 16:21:33.133475,17.96374365328992,60.34996035322324,1017.8733892514898
2021-04-12 16:22:33.199870,18.05094473747535,60.24978552363764,1017.9146843090775
2021-04-12 16:23:33.280337,17.545912244068234,61.73719867206542,1017.9453791974943
2021-04-12 16:24:33.357340,17.748144058111173,61.20584527074848,1017.9595840373062
2021-04-12 16:25:33.420296,17.526051008058406,62.33846418032975,1017.905100406241
2021-04-12 16:26:33.503031,17.78988919620975,61.34955211828153,1017.8719947120516
2021-04-12 16:27:33.569289,17.948688400299943,62.16430757359839,1017.8648184046584
2021-04-12 16:28:33.635118,17.830114022386137,61.934631949979355,1017.8441975576203
2021-04-12 16:29:33.710495,18.463251301107984,59.665269303664175,1017.8474509581159
2021-04-12 16:30:33.785112,17.97707402591743,61.45124265849236,1017.8508513452376
2021-04-12 16:31:33.845253,18.056382192678292,61.823971836817854,1017.8323538384116
2021-04-12 16:32:33.909073,18.098591307981497,61.688492013860525,1017.8137515872241
2021-04-12 16:33:33.986039,17.928531055579274,62.38924943612951,1017.8030086251514
2021-04-12 16:34:34.045997,18.307949632321076,61.682846361788265,1017.8392760732545
2021-04-12 16:35:34.105749,16.90476504190755,64.95816278373296,1017.8428033324437
2021-04-12 16:36:34.175156,16.592780257588053,66.31841462641583,1017.8141887524466
2021-04-12 16:37:34.285704,17.571210261409465,62.81860986162706,1017.8126397653572
2021-04-12 16:38:34.360302,18.01105487261362,59.683954670050824,1017.7400608947547
2021-04-12 16:39:34.460372,17.06082616664439,63.14639741596268,1017.7578431519678
2021-04-12 16:40:34.560300,16.468513380288798,64.5249229792296,1017.7494256606492
2021-04-12 16:41:34.660327,17.115474926879042,62.807008589066946,1017.7416577721598
2021-04-12 16:42:34.765164,17.17260985113611,62.95445159624995,1017.7645191620079
2021-04-12 16:43:34.835148,17.397652606661723,63.07291656178633,1017.657131520853
2021-04-12 16:44:34.900314,18.282186778308656,59.24062109906203,1017.6904678728811
2021-04-12 16:45:34.996427,17.373997081544797,62.684864353265695,1017.7125248202494
2021-04-12 16:46:35.065146,17.36332890494835,62.73893284165582,1017.7180037621332
2021-04-12 16:47:35.130300,16.6286183111168,65.04392058401339,1017.7624159770103
2021-04-12 16:48:35.240311,14.603134086368502,69.40293816396586,1017.7973963628772
2021-04-12 16:49:35.340332,15.356371871524106,67.20705289488892,1017.7458416867942
2021-04-12 16:50:35.445148,15.986248382591226,65.28091694345208,1017.7573631266433
2021-04-12 16:51:35.510486,16.827641750097186,61.94707140370319,1017.7250367986874
2021-04-12 16:52:35.619992,17.751679750372222,60.21743214450333,1017.7452620708541
2021-04-12 16:53:35.730302,17.47996422448338,61.621400623071274,1017.6614523437586
2021-04-12 16:54:35.840336,17.336723241946142,62.57855714749514,1017.7427086713549
2021-04-12 16:55:35.945077,17.489408114153665,62.719096738852436,1017.7107531644775
2021-04-12 16:56:36.020497,17.867813489582286,60.99254859315281,1017.6953292557077
2021-04-12 16:57:36.120321,17.548018531486942,62.64603326131959,1017.6676729585676
2021-04-12 16:58:36.210283,17.978921543927118,61.653704416312046,1017.6526158310451
2021-04-12 16:59:36.310306,18.202026889789025,61.31705446238503,1017.6184134761205
2021-04-12 17:00:36.410324,18.066670449814378,61.291574126751094,1017.6335034717468
2021-04-12 17:01:36.490316,17.880672124909054,61.888602177189384,1017.6806432235785
2021-04-12 17:02:36.575157,18.19637696154602,60.46383720648133,1017.6643458240037
2021-04-12 17:03:36.640309,17.60507019446875,62.336535123375896,1017.6737411934873
2021-04-12 17:04:36.730334,17.511459274755534,62.65323534367389,1017.6954098075138
2021-04-12 17:05:36.825042,17.67110220680842,61.31515505673599,1017.6779908225129
2021-04-12 17:06:36.888637,18.301584027187097,58.318058087945,1017.6780535594964
2021-04-12 17:07:36.955070,18.010591037047124,60.11435882378262,1017.6300467263477
2021-04-12 17:08:37.015830,17.531700663002805,62.229207423519895,1017.6869664405864
2021-04-12 17:09:37.076821,17.650062173854124,62.12330946922668,1017.6909667012561
2021-04-12 17:10:37.150296,17.992076633026645,61.214587996882685,1017.6976721345021
2021-04-12 17:11:37.250304,17.99439581526827,61.24949541682018,1017.7117046671424
2021-04-12 17:12:37.326124,17.998494347691143,61.1728206867666,1017.7222959076414
2021-04-12 17:13:37.390297,18.063127514100103,60.76719089374148,1017.7686020147494
2021-04-12 17:14:37.466546,17.889760142500027,61.18896530373643,1017.7708615576364
2021-04-12 17:15:37.540290,17.822988953769723,61.10431532622631,1017.7468282333562
2021-04-12 17:16:37.650350,17.88197983845623,60.31780468357671,1017.8083636656517
2021-04-12 17:17:37.750307,17.500159931524664,60.91573847524212,1017.7851815950553
2021-04-12 17:18:37.827399,17.58568051447691,61.35015791538227,1017.7465508518337
2021-04-12 17:19:37.890303,17.229067904125948,62.69601623494127,1017.7707831714308
2021-04-12 17:20:37.970313,17.891804186801014,61.72063904693264,1017.7627110885966
2021-04-12 17:21:38.045335,17.768515435254088,62.285083765739884,1017.7800595764955
2021-04-12 17:22:38.105044,18.1172444682811,60.02938464943337,1017.7649890404423
2021-04-12 17:23:38.180295,18.166099335956904,61.127405237951876,1017.7507480391916
2021-04-12 17:24:38.280324,17.73540782668731,61.07756702344589,1017.7839819606546
2021-04-12 17:25:38.363022,17.868324016947458,62.54511534067436,1017.7633438093161
2021-04-12 17:26:38.430302,18.002464620567295,62.08960964891798,1017.8220522214444
2021-04-12 17:27:38.530302,18.26768772492045,60.90763160916008,1017.7918744789368
2021-04-12 17:28:38.630302,18.466234808764423,59.0584324268158,1017.7167962707905
2021-04-12 17:29:38.710296,16.606231381533178,64.87851647553967,1017.7609468357895
2021-04-12 17:30:38.789347,16.083784200062464,65.46379427156145,1017.7671192524497
2021-04-12 17:31:38.857902,17.075158742088956,64.07560492891774,1017.809432128331
2021-04-12 17:32:38.920308,17.111816660621578,64.11739152560577,1017.778386372745
2021-04-12 17:33:39.000308,16.740948887492735,64.20528825458123,1017.7843032239908
2021-04-12 17:34:39.080309,17.457913201704642,63.558129693612074,1017.7583958672762
2021-04-12 17:35:39.160295,17.571932923114463,62.70261430754765,1017.7201499312678
2021-04-12 17:36:39.240322,18.09970257884217,61.60624867729334,1017.7222802639949
2021-04-12 17:37:39.320305,18.31789858586996,60.55790931358756,1017.6510051322175
2021-04-12 17:38:39.397300,18.488591396264997,60.33793860370512,1017.6901736697768
2021-04-12 17:39:39.470298,18.43664138695083,60.90333129806861,1017.6800902033324
2021-04-12 17:40:39.547923,18.814182188428397,59.3750875267257,1017.7182805948028
2021-04-12 17:41:39.625757,19.025710180452755,59.05257268836331,1017.7524475147632
2021-04-12 17:42:39.700308,19.165512175284597,57.44275235532711,1017.7385119970562
2021-04-12 17:43:39.770307,18.95120973844196,59.08428133068603,1017.7514962903371
2021-04-12 17:44:39.846732,18.793309387972393,59.64934335770725,1017.7883494861177
2021-04-12 17:45:39.915030,19.03580531731035,57.73217270323138,1017.7886835606369
2021-04-12 17:46:39.985027,19.19696075975639,57.941999129826485,1017.7943148850626
2021-04-12 17:47:40.060294,18.738483903445847,60.35271291272325,1017.7517850574268
2021-04-12 17:48:40.136220,18.45517862064405,61.125425543830396,1017.77442743272
2021-04-12 17:49:40.183120,18.648135772137678,61.28018414087351,1017.7165128275586
2021-04-12 17:50:40.257140,18.927375888553517,60.25660083102139,1017.7371717777877
2021-04-12 17:51:40.325312,18.893786019258624,58.57726498695265,1017.7515374652496
2021-04-12 17:52:40.390332,18.621604583213152,61.18686647874206,1017.7433290438722
2021-04-12 17:53:40.470676,18.44488196417312,62.758161716745064,1017.7559665594683
2021-04-12 17:54:40.550296,18.708730445551282,60.889214547828495,1017.759352369284
2021-04-12 17:55:40.630305,18.655565446788106,61.26315180539323,1017.7604897255359
2021-04-12 17:56:40.706673,18.655481271936033,61.748693868077034,1017.7747985023675
2021-04-12 17:57:40.765041,18.875224199382394,58.691032266802154,1017.8175239765043
2021-04-12 17:58:40.830312,18.534430363215662,60.13489490651257,1017.859102958625
2021-04-12 17:59:40.913306,18.378229700480418,59.393479289957455,1017.8041927677735
2021-04-12 18:00:40.980298,18.278772136859295,60.54157678565369,1017.8134415085079
2021-04-12 18:01:41.060415,18.018179981341028,61.9463413875913,1017.8674329280408
2021-04-12 18:02:41.135136,17.92300989209656,62.22769840201741,1017.8541489556516
2021-04-12 18:03:41.200313,17.928067219360848,63.08573446502451,1017.8656452315273
2021-04-12 18:04:41.280316,18.440567311996478,60.655854262034794,1017.8191449276304
2021-04-12 18:05:41.360306,18.366605139371853,61.631362310036465,1017.8379654998184
2021-04-12 18:06:41.435215,18.60733691826802,60.29964770226911,1017.8040641470493
2021-04-12 18:07:41.500315,17.853442134027958,59.658767222711944,1017.8090769123759
2021-04-12 18:08:41.580307,17.650329786039663,59.82115707731724,1017.8258975953125
2021-04-12 18:09:41.660302,17.308652739197143,60.26685580526979,1017.8185692380343
2021-04-12 18:10:41.740300,16.65821169357097,60.43859349208912,1017.7718726586363
2021-04-12 18:11:41.820301,16.57835064497806,61.42585286358664,1017.7825327316018
2021-04-12 18:12:41.900911,16.537435656466503,64.51196943342882,1017.8041729386014
2021-04-12 18:13:41.971899,17.03098475507306,64.0971134850116,1017.7793603764418
2021-04-12 18:14:42.040304,17.191263662051515,63.88860233457439,1017.7764992283225
2021-04-12 18:15:42.120355,17.771715938494335,62.59190302038286,1017.7331315290445
2021-04-12 18:16:42.200305,18.18313798110059,62.33347986712889,1017.7306165962656
2021-04-12 18:17:42.280291,18.22336338767608,61.98217231732281,1017.717476056618
2021-04-12 18:18:42.356440,18.357412334328092,62.465862338745204,1017.729176393791
2021-04-12 18:19:42.415526,18.207676837185993,63.37844639633236,1017.7359114551415
2021-04-12 18:20:42.476318,18.46165610919823,62.9742347927362,1017.6978673492188
2021-04-12 18:21:42.556492,18.303651580582795,61.66482047852861,1017.7487533770654
2021-04-12 18:22:42.617135,18.210884324253342,62.49663505082005,1017.7801675989559
2021-04-12 18:23:42.680299,18.149634683055424,61.178793790724555,1017.7338756368637
2021-04-12 18:24:42.760368,17.745536075650953,60.44871508904955,1017.7279349841425
2021-04-12 18:25:42.844683,17.648511419087598,61.23918462188246,1017.7796237796362
2021-04-12 18:26:42.910303,17.77763170542105,61.32541174254225,1017.8073978938723
2021-04-12 18:27:42.990308,17.576434097814836,63.32162301396737,1017.7825777854981
2021-04-12 18:28:43.070305,17.892776856338482,62.10696344546052,1017.7870717554915
2021-04-12 18:29:43.150349,18.133127502655782,60.620733654699926,1017.7510643387417
2021-04-12 18:30:43.226723,18.008355635878203,61.25531056118507,1017.7635843877543
2021-04-12 18:31:43.290313,17.87514343116131,62.20121167710577,1017.7798982405511
2021-04-12 18:32:43.365232,17.813164670749394,63.216754624399556,1017.7709707722628
2021-04-12 18:33:43.430312,17.79448245679395,63.325764357851625,1017.8053431432055
2021-04-12 18:34:43.510491,18.16917836767822,62.20025023362443,1017.8189828683638
2021-04-12 18:35:43.590279,18.022650762309663,62.077745398494585,1017.8024550258913
2021-04-12 18:36:43.670528,17.79516625547932,60.04359811607856,1017.7859601884659
2021-04-12 18:37:43.745388,17.50556751902092,62.33741407327271,1017.7910156218746
2021-04-12 18:38:43.810306,17.567424183224567,61.36214783417877,1017.7855768067989
2021-04-12 18:39:43.890303,17.47319750599621,62.67928068283862,1017.7868545587157
2021-04-12 18:40:43.967291,17.609647910028553,61.52215184767991,1017.7392122276506
2021-04-12 18:41:43.991079,17.381540499547878,62.12493709065132,1017.7636262459747
2021-04-12 18:42:44.060310,17.50851743875405,60.94294828490462,1017.7419353166562
2021-04-12 18:43:44.140340,17.279384369626165,62.698907989205004,1017.7885882628532
2021-04-12 18:44:44.220303,17.296089644451907,62.404184895896144,1017.8267629113952
2021-04-12 18:45:44.300300,17.323912222133764,62.76063555035611,1017.8457134094267
2021-04-12 18:46:44.380902,17.252967972550934,63.42812974592904,1017.7967708639637
2021-04-12 18:47:44.447901,17.504532354263603,63.42524204118811,1017.8314057366955
2021-04-12 18:48:44.510318,17.615867565280425,63.7342550908983,1017.8068602081006
2021-04-12 18:49:44.585168,18.03896879665191,61.46947659893404,1017.7935923332315
2021-04-12 18:50:44.645116,17.874474690349317,62.87331629798696,1017.7884760608176
2021-04-12 18:51:44.710368,18.20447444695928,61.89017669875344,1017.7975461137113
2021-04-12 18:52:44.785191,18.232176289991276,61.788007394847426,1017.8019092558458
2021-04-12 18:53:44.870316,18.061484392706685,62.90241722808098,1017.806308791378
2021-04-12 18:54:44.949273,18.379760495812288,60.623759407995514,1017.8057629033207
2021-04-12 18:55:45.015195,18.22745402382812,62.19276815917772,1017.810169250869
2021-04-12 18:56:45.075341,18.082569371314897,60.93682386913883,1017.8149455307463
2021-04-12 18:57:45.140301,18.139331197324132,59.8115469953303,1017.8297326397208
2021-04-12 18:58:45.220301,17.769571853471646,61.13420807694594,1017.8420819669996
2021-04-12 18:59:45.300629,17.598500980349808,62.57787703614156,1017.8623031996199
2021-04-12 19:00:45.380298,17.503879113542656,62.43189147861278,1017.8542945311159
2021-04-12 19:01:45.460283,17.551661307048363,62.1674183005689,1017.8816764953845
2021-04-12 19:02:45.540301,17.204207506010718,62.523873775654586,1017.8865615004562
2021-04-12 19:03:45.620318,16.837733268115322,61.66201156813945,1017.8898696704005
2021-04-12 19:04:45.696791,16.682523865654527,62.8804892050351,1017.9065924777636
2021-04-12 19:05:45.763511,16.868055134095307,62.65174272405831,1017.9146797399421
2021-04-12 19:06:45.850320,16.806788520575694,63.976071250072366,1017.8989197128426
2021-04-12 19:07:45.930293,16.91038891524917,63.36424023815014,1017.8887991557089
2021-04-12 19:08:46.006292,17.260831102214627,62.727757118860126,1017.906509479075
2021-04-12 19:09:46.023529,17.457518128494982,63.54352023647876,1017.903052990801
2021-04-12 19:10:46.090298,17.662053576835106,62.86535380858332,1017.9182088058723
2021-04-12 19:11:46.169256,17.77338872456373,63.15376784148137,1017.920635936924
2021-04-12 19:12:46.245733,17.663558848942568,64.08670279766854,1017.9167150246831
2021-04-12 19:13:46.310307,17.970229619617555,62.58225957924846,1017.8957265335137
2021-04-12 19:14:46.390360,17.709858630118966,63.53985253632787,1017.9070998623389
2021-04-12 19:15:46.470311,18.093785256035975,62.581805334115174,1017.8783110883529
2021-04-12 19:16:46.545233,18.268392182710077,60.9215381841862,1017.8911685706146
2021-04-12 19:17:46.610309,17.712520370457234,61.40693555851829,1017.9290614724118
2021-04-12 19:18:46.687983,17.3138854855782,60.92809562302765,1017.9042883485007
2021-04-12 19:19:46.750305,16.761824692461616,62.34807611049706,1017.9518481291931
2021-04-12 19:20:46.830326,16.60572310339625,62.1673146772746,1017.9755658346116
2021-04-12 19:21:46.905181,15.940425821717913,64.65397226808558,1017.9783553883285
2021-04-12 19:22:46.990305,16.203377276772784,65.09620407592223,1017.9742281112365
2021-04-12 19:23:47.070322,16.24144773150742,62.69303581333601,1017.9818626663919
2021-04-12 19:24:47.145545,15.989921840982554,64.72847118362515,1017.9618399216316
2021-04-12 19:25:47.210301,15.816121136253749,64.1651436130717,1017.9904583626306
2021-04-12 19:26:47.290330,16.078518874775174,64.59097893878277,1017.9693911243428
2021-04-12 19:27:47.365234,16.298017871231476,63.80402820507027,1017.9691166399934
2021-04-12 19:28:47.426680,16.50579202697108,63.35088940579791,1017.971301934494
2021-04-12 19:29:47.490341,16.53724258351565,62.363790995874446,1017.9759471694405
2021-04-12 19:30:47.570297,16.238614794540435,64.2855849650093,1017.9987338353083
2021-04-12 19:31:47.650304,16.46591644219278,64.64788449096403,1017.9839883447407
2021-04-12 19:32:47.726110,16.122874062684193,63.056230694204025,1018.0127458652155
2021-04-12 19:33:47.790299,16.11991925492731,63.418067775069424,1018.0623755039084
2021-04-12 19:34:47.870319,16.116197942688867,65.16653153391414,1018.0467615556855
2021-04-12 19:35:47.950303,16.425272388948514,64.91896755884981,1018.0760336921704
2021-04-12 19:36:48.030298,16.888719970776307,63.32477447555774,1018.0790420495745
2021-04-12 19:37:48.105691,16.747085933393677,62.67513154160831,1018.0546061522433
2021-04-12 19:38:48.165943,16.69985851847425,64.39782156164887,1018.0530290635731
2021-04-12 19:39:48.226646,17.016653703865824,62.15823252467462,1018.025462360756
2021-04-12 19:40:48.285080,16.70432377607392,63.399103432185754,1018.0732504207381
2021-04-12 19:41:48.346621,16.909509126444362,63.39260061224101,1018.1001017711202
2021-04-12 19:42:48.410357,16.81303269880479,63.60397561171591,1018.0756669707356
2021-04-12 19:43:48.490306,16.77819744912901,64.20937692450384,1018.070344080406
2021-04-12 19:44:48.570855,16.680578989983122,64.80136231957536,1018.0717961658812
2021-04-12 19:45:48.635730,16.918868874427297,63.25415989925307,1018.0823898723794
2021-04-12 19:46:48.705609,16.914908794968497,62.64393277575155,1018.0746559320193
2021-04-12 19:47:48.770299,16.612949707727644,63.1720544180111,1018.115811304173
2021-04-12 19:48:48.850856,16.588325122110483,64.61591690014716,1018.1306439502567
2021-04-12 19:49:48.920361,16.889730799107163,63.507514674090935,1018.1204764423438
2021-04-12 19:50:49.000338,16.42777287982726,62.8090743777971,1018.127909987577
2021-04-12 19:51:49.075080,16.250508670439213,63.20072624264628,1018.1352145786364
2021-04-12 19:52:49.135046,16.211726140874447,63.71063766803185,1018.1092996600607
2021-04-12 19:53:49.200921,16.55979759643137,62.51134499497116,1018.153237737338
2021-04-12 19:54:49.255318,16.386678216321794,64.3958386962534,1018.124365531418
2021-04-12 19:55:49.315046,16.400516840829773,63.73414805159703,1018.0955488469715
2021-04-12 19:56:49.380329,16.277430376782355,63.50282891362741,1018.1241130438657
2021-04-12 19:57:49.460295,16.387072622174607,64.50294009875549,1018.1489754152213
2021-04-12 19:58:49.536886,16.62332685357878,63.646829857181366,1018.178533538282
2021-04-12 19:59:49.595050,16.77668786932135,63.47658360273117,1018.1834344961161
2021-04-12 20:00:49.660307,16.833441167957538,63.671165706949616,1018.1724221706314
2021-04-12 20:01:49.740918,17.15234177365052,62.75168168535322,1018.1519756713521
2021-04-12 20:02:49.810349,16.927979141073806,62.235854091213255,1018.1907210601189
2021-04-12 20:03:49.890305,16.25915581683517,62.46284243545886,1018.1956719671288
2021-04-12 20:04:49.966255,16.164999383979538,62.613140016091975,1018.2223189145242
2021-04-12 20:05:50.032563,15.771962811724762,63.59975378045958,1018.238102091799
2021-04-12 20:06:50.100306,15.90757696961843,64.65672262643835,1018.2386173369132
2021-04-12 20:07:50.180308,15.81890407568237,64.56971990730756,1018.2336498240154
2021-04-12 20:08:50.260311,15.805999615560612,65.43631426988895,1018.2253061748693
2021-04-12 20:09:50.340306,16.0141234372553,64.78470904273641,1018.2444633630571
2021-04-12 20:10:50.420353,15.972893482870184,64.71920086921713,1018.2798552846937
2021-04-12 20:11:50.500313,16.240476709209307,64.06033455566978,1018.2816585138938
2021-04-12 20:12:50.580299,16.142189274958373,63.57056038581607,1018.2734687175421
2021-04-12 20:13:50.660317,16.28037237699354,64.330385928716,1018.2733157903556
2021-04-12 20:14:50.743148,16.034200904822875,64.81775827085116,1018.288370222106
2021-04-12 20:15:50.805621,16.21378372247587,63.9824003019901,1018.2835579377104
2021-04-12 20:16:50.870318,16.156544147924958,64.71861562716064,1018.2767243664549
2021-04-12 20:17:50.952288,16.38196376837348,63.805013356355815,1018.3039392989165
2021-04-12 20:18:51.020327,16.364699200265818,63.33156117655971,1018.3062596322956
2021-04-12 20:19:51.100314,16.58697536490682,63.77724954430498,1018.3458079239026
2021-04-12 20:20:51.176393,16.305896198772444,64.45134400725222,1018.3492156661662
2021-04-12 20:21:51.235026,16.550422832015116,64.28147458170568,1018.3839043130658
2021-04-12 20:22:51.300343,16.357831348779854,64.48915169307939,1018.3590059739822
2021-04-12 20:23:51.380303,16.20616023141422,65.14205746514048,1018.4030046892009
2021-04-12 20:24:51.460303,16.235401285720794,64.85104815192358,1018.3775225492361
2021-04-12 20:25:51.540306,16.4138647648151,63.8272467695674,1018.4360622163761
2021-04-12 20:26:51.622207,16.373144328122333,64.41745470310995,1018.4091824091992
2021-04-12 20:27:51.688024,16.635677261920275,63.82044352527022,1018.4599664038864
2021-04-12 20:28:51.750318,16.595877956573847,63.57783706189521,1018.4724207980433
2021-04-12 20:29:51.831732,16.495144354365333,63.75328648640227,1018.4888830379743
2021-04-12 20:30:51.900302,16.643271464971473,64.10543611546889,1018.504357968538
2021-04-12 20:31:51.980305,16.711288086197722,63.0849979560047,1018.5252850206194
2021-04-12 20:32:52.055083,16.57492268596807,63.671607360300214,1018.5403219546238
2021-04-12 20:33:52.120312,16.743458396040875,64.15428898979259,1018.5460616984576
2021-04-12 20:34:52.200303,16.771205013319875,63.32340285588457,1018.5533967169473
2021-04-12 20:35:52.280319,16.7969649530503,63.203472903059854,1018.5636131041387
2021-04-12 20:36:52.361595,17.030354413783094,63.583562133687906,1018.5569130548214
2021-04-12 20:37:52.425487,16.890955961765304,62.58922269469127,1018.5809649834853
2021-04-12 20:38:52.490300,16.60608217037711,64.06341344990278,1018.5919085924083
2021-04-12 20:39:52.565182,16.801817698082246,63.42677755425839,1018.6043727203303
2021-04-12 20:40:52.650349,16.67342030191039,63.860172223237306,1018.6186477277156
2021-04-12 20:41:52.725007,16.965002320802697,63.15091102527865,1018.6375418833755
2021-04-12 20:42:52.790369,16.900052358187622,62.9054462963302,1018.6231145271123
2021-04-12 20:43:52.870314,16.662454592942122,64.17640800665134,1018.6323492632511
2021-04-12 20:44:52.950302,16.685479838628613,64.3048462303797,1018.6500185993867
2021-04-12 20:45:53.030305,16.393665124017545,63.612634414419674,1018.6588208372727
2021-04-12 20:46:53.110305,16.379644634501183,64.59767751998919,1018.6556348354725
2021-04-12 20:47:53.190302,16.621007712916224,64.45790163596433,1018.6735505023419
2021-04-12 20:48:53.270293,16.74362462131092,64.21571561279679,1018.6654801481594
2021-04-12 20:49:53.350402,16.93687504914185,63.29279842041331,1018.6945245826324
2021-04-12 20:50:53.426827,16.28761469514692,63.67438536749874,1018.6756474190353
2021-04-12 20:51:53.485552,16.28548113789206,65.2952676139048,1018.7078803021628
2021-04-12 20:52:53.545161,16.601063104912917,64.46553975733823,1018.6851357930325
2021-04-12 20:53:53.630300,16.87109446108633,63.78970979362725,1018.7005214695782
2021-04-12 20:54:53.713145,16.935269288097302,64.2782038821592,1018.7217486704925
2021-04-12 20:55:53.780572,17.05025170124034,63.886055669818056,1018.7298323484783
2021-04-12 20:56:53.845133,17.323662043346275,63.15263352895778,1018.728992549525
2021-04-12 20:57:53.905597,17.332474840296637,63.30761343930091,1018.7359452591706
2021-04-12 20:58:53.971665,17.20982424566486,63.675731710102895,1018.7589293987131
2021-04-12 20:59:54.036198,17.209440448483385,62.38858121168703,1018.7607256542019
2021-04-12 21:00:54.095123,17.126878752833203,62.768755290188636,1018.7766829398805
2021-04-12 21:01:54.160312,16.655164894085782,63.695557058304345,1018.7939346707627
2021-04-12 21:02:54.240308,16.503015828879192,63.83696819170591,1018.8166413484563
2021-04-12 21:03:54.320351,16.23853199703926,64.67490616177554,1018.8465025889101
2021-04-12 21:04:54.395074,16.054609169568206,64.9267480002639,1018.8808510424012
2021-04-12 21:05:54.460320,16.204589979413637,64.57417857327624,1018.8838987303333
2021-04-12 21:06:54.513550,16.273325511387633,64.10818718785882,1018.9094967565168
2021-04-12 21:07:54.580305,16.291414713771083,64.18692309173807,1018.9123245362101
2021-04-12 21:08:54.655271,16.382877972210025,64.73515497359841,1018.9274616055452
2021-04-12 21:09:54.720305,16.002908927008086,64.35541152444306,1018.9916619234216
2021-04-12 21:10:54.796008,16.04107559748131,64.20755388757834,1018.9723181784743
2021-04-12 21:11:54.860299,15.831046079108436,65.4834636944008,1018.9778581552565
2021-04-12 21:12:54.940313,16.118070409023144,64.21655171434085,1019.0181034831126
2021-04-12 21:13:55.020326,15.876119589818813,65.17884993810242,1019.0157050543459
2021-04-12 21:14:55.050207,15.815657313021392,64.88286910177595,1019.0654174126348
2021-04-12 21:15:55.115714,16.046806844803957,65.2610770490778,1019.0815834519219
2021-04-12 21:16:55.180314,15.970275846996326,65.16041905929042,1019.1294713727583
2021-04-12 21:17:55.260302,16.106908154056782,65.94582998905821,1019.0762578149748
2021-04-12 21:18:55.338165,15.889869051086452,65.00489344081271,1019.1248748965752
2021-04-12 21:19:55.400365,15.681313755327626,65.30295324208222,1019.1342740867218
2021-04-12 21:20:55.475213,16.024377933479215,64.5532516112385,1019.1463765069816
2021-04-12 21:21:55.540297,15.89969196671219,65.94002312071011,1019.1187668752132
2021-04-12 21:22:55.620368,16.38316275714352,63.84382758814582,1019.126808881014
2021-04-12 21:23:55.700515,16.2428091300116,64.76282727026556,1019.1364942354502
2021-04-12 21:24:55.775582,16.45108076180658,64.96763986198673,1019.1109204964513
2021-04-12 21:25:55.835400,16.792451110486876,63.220711654340306,1019.1460336134588
2021-04-12 21:26:55.900300,16.714534883171282,64.15520465204968,1019.1273099290802
2021-04-12 21:27:55.975875,17.140405937851128,62.43318004128318,1019.1385225080544
2021-04-12 21:28:56.040310,17.101701003873025,63.31735587136273,1019.160535775902
2021-04-12 21:29:56.120315,17.12708098710455,63.545743864161935,1019.1782109450738
2021-04-12 21:30:56.201690,17.347020402029855,63.02395939085751,1019.1867660544465
2021-04-12 21:31:56.265014,17.219002887709994,63.67512502083091,1019.2302873694687
2021-04-12 21:32:56.325026,17.4583035077614,62.28522444293649,1019.2318757326103
2021-04-12 21:33:56.390304,16.903224558213683,65.12907580786688,1019.253194357592
2021-04-12 21:34:56.470370,17.324756477510157,64.09606470696536,1019.276769168753
2021-04-12 21:35:56.550305,17.486717311688345,63.35888467375501,1019.3098773436313
2021-04-12 21:36:56.625026,17.263164919216347,64.27019717765441,1019.337436838063
2021-04-12 21:37:56.685663,17.295154648991787,63.75763143129284,1019.3681741134734
2021-04-12 21:38:56.750356,17.234863839233736,64.3290053470086,1019.3763043471027
2021-04-12 21:39:56.830333,17.314635584946654,63.39409265118107,1019.392674672405
2021-04-12 21:40:56.908493,17.50805360622552,62.67678972970987,1019.4082003501145
2021-04-12 21:41:56.970351,17.472353335518626,63.51534362614247,1019.4381689053564
2021-04-12 21:42:57.050300,17.54739589296453,62.46845280280566,1019.4332151685079
2021-04-12 21:43:57.130292,17.31632411638387,63.317214765057045,1019.4772587552537
2021-04-12 21:44:57.206738,17.273187790803675,63.23546652765316,1019.4771889727853
2021-04-12 21:45:57.265245,17.32526732449746,62.567756379455886,1019.5216694947757
2021-04-12 21:46:57.330300,17.30916391429123,62.12070648780898,1019.4962997998648
2021-04-12 21:47:57.410356,17.26218633232393,62.64748548665915,1019.5083046820591
2021-04-12 21:48:57.487359,17.187295681881523,63.78680731297354,1019.4842796434708
2021-04-12 21:49:57.545706,17.252065365148006,63.37549164090391,1019.5231911690321
2021-04-12 21:50:57.605191,17.515811322412326,62.446413269825285,1019.5335019917319
2021-04-12 21:51:57.685045,17.119750259070297,64.76267266286828,1019.5431796651494
2021-04-12 21:52:57.750307,17.36186302047826,63.70911209330561,1019.5305217749732
2021-04-12 21:53:57.830421,17.597033417237924,62.9395742060078,1019.5622342244849
2021-04-12 21:54:57.905007,17.537191578149752,63.60745124515286,1019.5777514147954
2021-04-12 21:55:57.970785,17.43384042281169,63.94694423618751,1019.5979251857997
2021-04-12 21:56:58.040272,17.514974314863828,63.54035926796793,1019.5992791442393
2021-04-12 21:57:58.120299,17.430973984772137,64.1034938504229,1019.6224568495655
2021-04-12 21:58:58.196623,17.376031597266266,62.65447035501058,1019.6432749566712
2021-04-12 21:59:58.259054,16.70617222041988,64.8211183264321,1019.671327312741
2021-04-12 22:00:58.325024,15.9311429741236,65.13610233008151,1019.6735906018879
2021-04-12 22:01:58.385531,15.50555193012881,66.10216505965428,1019.7573621097
2021-04-12 22:02:58.450306,15.394992002317919,65.84699916988839,1019.718749336453
2021-04-12 22:03:58.528148,14.91818589840474,67.16551949045034,1019.7285885164673
2021-04-12 22:04:58.585587,14.878215435229585,68.35678858123757,1019.7500585533946
2021-04-12 22:05:58.655147,15.126822132144458,67.56177223012779,1019.7622545581888
2021-04-12 22:06:58.730339,15.189056079166896,67.12291794151182,1019.7467725309682
2021-04-12 22:07:58.811600,15.051765643580406,67.34318741480853,1019.7564638263633
2021-04-12 22:08:58.880309,14.98713060091552,67.8364508882808,1019.7805536345381
2021-04-12 22:09:58.960358,15.126604892029974,69.02729900272348,1019.7711160549578
2021-04-12 22:10:59.040303,15.635230200199588,68.13469785435927,1019.7932591933455
2021-04-12 22:11:59.116387,16.111195738444966,66.88946980812727,1019.781408893788
2021-04-12 22:12:59.175219,16.38891443206108,66.70748722932638,1019.7982258039175
2021-04-12 22:13:59.240368,16.634832626351603,66.88997438267862,1019.7997821700806
2021-04-12 22:14:59.322411,16.802150228075792,66.2031384664393,1019.8047521710826
2021-04-12 22:15:59.390313,17.144326062124875,65.55536526037193,1019.781962982905
2021-04-12 22:16:59.469752,17.3559166254715,65.36294741456962,1019.7656310025492
2021-04-12 22:17:59.545053,17.544239981323905,64.82247346422325,1019.7964702697536
2021-04-12 22:18:59.606433,17.74230429098756,64.01304279663395,1019.776231023897
2021-04-12 22:19:59.665641,17.767807603195763,63.8100841579666,1019.8019507205795
2021-04-12 22:20:59.725823,17.77198965337039,63.94577413815131,1019.7908024855192
2021-04-12 22:21:59.785216,17.696377242700493,64.01492192791409,1019.8181811138098
2021-04-12 22:22:59.870314,17.45667398533938,65.040165275078,1019.8439902922555
2021-04-12 22:23:59.950355,17.8076973019777,63.90167262681348,1019.8442243271195
2021-04-12 22:25:00.024995,17.91901745584235,62.86657083236208,1019.8517297663191
2021-04-12 22:26:00.085138,17.662083717643643,64.3271864104782,1019.8477968382878
2021-04-12 22:27:00.150384,17.910676044869327,62.83829035925724,1019.8583757019804
2021-04-12 22:28:00.230304,17.770598151858437,63.976395524020575,1019.8531410229673
2021-04-12 22:29:00.305133,17.842948673801004,63.20235293395419,1019.8451165372634
2021-04-12 22:30:00.370310,17.726077661683732,63.87583227903521,1019.8617277175341
2021-04-12 22:31:00.450304,17.887020496135094,63.28336460744511,1019.8874205036691
2021-04-12 22:32:00.530321,17.887955780944132,63.357041582950586,1019.8864119544553
2021-04-12 22:33:00.610315,17.864756454169317,62.90688253663162,1019.8657951425943
2021-04-12 22:34:00.693336,17.739072587986303,63.80337793505163,1019.8822403414713
2021-04-12 22:35:00.780287,17.86893857031869,63.173549179990474,1019.9297996259644
2021-04-12 22:36:00.861055,17.77850610767205,63.540114240966545,1019.9252444451654
2021-04-12 22:37:00.929266,17.89445710392623,63.240230033804764,1019.9295574649052
2021-04-12 22:38:01.005322,17.913930512112117,63.01426121980667,1019.9555629553978
2021-04-12 22:39:01.065585,17.763268003098418,63.69164550997184,1019.9708793769996
2021-04-12 22:40:01.130313,17.870413736733205,63.2871862553239,1019.9701195870549
2021-04-12 22:41:01.206720,17.602332751527996,64.37478311477602,1019.9813778916204
2021-04-12 22:42:01.270308,17.841192164324404,63.4472838681836,1019.9931355303552
2021-04-12 22:43:01.345235,17.760500228365924,64.01176180626197,1020.008409837854
2021-04-12 22:44:01.410313,17.860597178778786,64.00220049152911,1020.0128103512632
2021-04-12 22:45:01.492632,17.78702248514746,63.66910242426337,1020.0225053310813
2021-04-12 22:46:01.560299,17.91263804021519,63.33590159008993,1020.0199174893056
2021-04-12 22:47:01.640299,17.442211643185757,64.21885325585413,1020.0072157998845
2021-04-12 22:48:01.715171,17.27253979166947,65.3872722782931,1020.0227985495387
2021-04-12 22:49:01.800311,17.23079486373238,65.32940970073545,1020.0440087774525
2021-04-12 22:50:01.880300,17.832386943929446,64.09580441516397,1020.0368791599151
2021-04-12 22:51:01.960305,17.16147786168237,66.72341517749125,1020.0536362371756
2021-04-12 22:52:02.036983,17.67485818117765,65.50149548346397,1020.0862983688677
2021-04-12 22:53:02.096098,17.71955370630091,65.69687202599033,1020.0727162476281
2021-04-12 22:54:02.160304,17.77196707261506,65.57800023187315,1020.088643764991
2021-04-12 22:55:02.242693,17.733552485817157,65.4723059987301,1020.0771277634043
2021-04-12 22:56:02.306494,17.690879653055323,65.9464648463713,1020.0911898375477
2021-04-12 22:57:02.370324,17.650069867026332,66.51541330165773,1020.1041760911476
2021-04-12 22:58:02.450296,17.72583478456807,66.31613617413024,1020.0813151930564
2021-04-12 22:59:02.530241,17.650693454852338,66.37909210059122,1020.1078227069576
2021-04-12 23:00:02.610306,17.724914873403105,66.11563914417917,1020.1073369549371
2021-04-12 23:01:02.690305,17.755056424429547,65.77023131327053,1020.1323860985945
2021-04-12 23:02:02.766780,17.83390850102284,66.22169851140441,1020.1489503270946
2021-04-12 23:03:02.826259,17.76711615071678,65.86474452667646,1020.1465122355527
2021-04-12 23:04:02.890305,17.89420717985127,66.14173986406452,1020.1639887535783
2021-04-12 23:05:02.965040,17.90757460943378,65.55906722386098,1020.1629639187505
2021-04-12 23:06:03.026104,17.818054294391075,66.00787610672097,1020.1642247090235
2021-04-12 23:07:03.088441,17.811560595161225,66.16096039882882,1020.1650398767473
2021-04-12 23:08:03.146509,17.917231359418977,66.2328363262179,1020.1744352427403
2021-04-12 23:09:03.210300,17.915923657478473,65.92329796433397,1020.1744276783974
2021-04-12 23:10:03.290309,17.883455140293368,65.94984070077071,1020.1650333304804
2021-04-12 23:11:03.370719,17.937343944041352,65.97010816331989,1020.1622903246783
2021-04-12 23:12:03.450349,18.029015850462475,65.6124352305747,1020.1807117440767
2021-04-12 23:13:03.530292,17.855792604816042,66.31715781125911,1020.1407290573085
2021-04-12 23:14:03.610284,17.966861806325518,65.17838783329813,1020.1500276402857
2021-04-12 23:15:03.688647,17.907026970796434,65.64081268095453,1020.1574292264622
2021-04-12 23:16:03.749613,17.930310400167386,65.8285609168961,1020.1779405527166
2021-04-12 23:17:03.820305,18.049044662063572,65.56769307466257,1020.1938913449445
2021-04-12 23:18:03.900361,18.109639528205676,65.00023917914466,1020.1860236129006
2021-04-12 23:19:03.980300,18.1463664768742,64.68503584868952,1020.1901136825882
2021-04-12 23:20:04.060306,18.08104938368315,65.4031122740613,1020.1976798305711
2021-04-12 23:21:04.135334,18.177627252101548,65.02602553065942,1020.2063487012267
2021-04-12 23:22:04.200312,18.223455242556646,65.35721100147164,1020.1994406525006
2021-04-12 23:23:04.280332,18.1623886382681,65.29869702569121,1020.2201199933205
2021-04-12 23:24:04.360346,18.374674315934826,65.23286975123368,1020.2198718653626
2021-04-12 23:25:04.436063,18.36314631388803,65.16934081889933,1020.249811382372
2021-04-12 23:26:04.503378,18.11008288524424,66.25173188919057,1020.2584062743169
2021-04-12 23:27:04.570315,18.207860663022018,65.48693288599978,1020.2634625287697
2021-04-12 23:28:04.650306,18.24589536348159,65.56837194741257,1020.2928334819536
2021-04-12 23:29:04.728500,18.235766900760474,65.55763332595093,1020.2958453318585
2021-04-12 23:30:04.790302,18.218141065147762,66.10817377111994,1020.2903733607516
2021-04-12 23:31:04.870363,18.22139594930116,65.84732962254586,1020.2942781571863
2021-04-12 23:32:04.948604,18.34135395189084,65.19911116672118,1020.2951740770442
2021-04-12 23:33:05.010321,18.285777399048943,65.60118177376478,1020.2989925747752
2021-04-12 23:34:05.085175,18.13272695757416,66.3956346180502,1020.2969219118272
2021-04-12 23:35:05.139427,18.08318029890335,65.86425656234104,1020.2993736255577
2021-04-12 23:36:05.220319,18.097551275605692,66.03536884268873,1020.3009337649559
2021-04-12 23:37:05.295168,18.180966083716168,66.2628686845631,1020.3348746736825
2021-04-12 23:38:05.380320,18.173080840728588,66.56563296570238,1020.339123966878
2021-04-12 23:39:05.460310,18.23198022788624,65.27826878244069,1020.3389005470926
2021-04-12 23:40:05.540295,18.206005312062537,66.15940766357394,1020.32033522353
2021-04-12 23:41:05.615102,18.33439638403159,65.47564135590929,1020.3392761387698
2021-04-12 23:42:05.675232,18.276972504980684,65.4750913938266,1020.3292262864358
2021-04-12 23:43:05.740344,18.1165686148947,66.3423529305712,1020.3232055731403
2021-04-12 23:44:05.820296,18.118332049353835,66.18469037924312,1020.2967051461736
2021-04-12 23:45:05.900303,18.033085842506004,66.05687895000717,1020.319917004836
2021-04-12 23:46:05.981687,18.00987808178818,66.18432433814935,1020.2941963040045
2021-04-12 23:47:06.045302,17.97880892686302,66.67547428933267,1020.2680352784835
2021-04-12 23:48:06.110282,18.027967726456623,66.51236167899785,1020.2968476260502
2021-04-12 23:49:06.190344,18.001984944007695,66.1882545378276,1020.2780899288706
2021-04-12 23:50:06.265949,18.15969752192487,65.6384265614681,1020.2674366329801
2021-04-12 23:51:06.330290,18.304246927577722,64.94382913949161,1020.2736309299979
2021-04-12 23:52:06.406363,18.310284838190046,65.04941075238543,1020.262253183145
2021-04-12 23:53:06.470357,18.345536527012676,65.67776941731898,1020.269821091422
2021-04-12 23:54:06.550488,18.389972937228194,64.7571379077937,1020.2461269171338
2021-04-12 23:55:06.630357,18.257407322740516,64.94836466668643,1020.2475268519565
2021-04-12 23:56:06.707670,18.262197643847898,65.58327498325592,1020.2272622069711
2021-04-12 23:57:06.780299,18.22084812047407,65.63707631474941,1020.2297935332958
2021-04-12 23:58:06.857194,18.25378060764166,65.24442687108179,1020.2211633208804
2021-04-12 23:59:06.920302,18.309045261462717,65.5165221372221,1020.2248147623432
