time,temp,humi,pres
2022-09-05 00:00:02.686546,24.794451012120405,75.83826390036435,923.2456344205748
2022-09-05 00:01:02.766599,24.894936627089933,75.11764576825875,923.2561949601709
2022-09-05 00:02:02.846557,24.855130873365116,75.83141855806467,923.278073757668
2022-09-05 00:03:02.926557,24.82173230384905,75.61226203516432,923.2699299070222
2022-09-05 00:04:03.006544,24.824515517650244,75.58777877313756,923.2760404740541
2022-09-05 00:05:03.081425,24.635993375109546,76.01913270228326,923.2997680308305
2022-09-05 00:06:03.141372,24.729520953732774,75.93063326914748,923.3063690924808
2022-09-05 00:07:03.201299,24.844937371589378,75.67708165075176,923.2999083186937
2022-09-05 00:08:03.261424,24.8681192082537,75.48682923238363,923.2951982980645
2022-09-05 00:09:03.343040,24.766166608407044,76.1742220005084,923.2975755487433
2022-09-05 00:10:03.401783,24.79956518868243,75.83444415165849,923.2819513225595
2022-09-05 00:11:03.463003,24.720342181402714,76.02818012187512,923.2828899448796
2022-09-05 00:12:03.526599,24.833804510472884,75.86216309250105,923.2558857393171
2022-09-05 00:13:03.606574,24.749102080867168,76.46914882530174,923.2555673012007
2022-09-05 00:14:03.686545,24.78814248403706,76.06955804674047,923.2704588439432
2022-09-05 00:15:03.766564,24.775618008031763,76.07070822490222,923.3098513225652
2022-09-05 00:16:03.846560,24.797408221915138,75.69051463050141,923.284998572046
2022-09-05 00:17:03.926556,24.86774233820402,75.47870175743856,923.2687814560176
2022-09-05 00:18:04.006559,24.863567514731113,75.47908549791892,923.31020529121
2022-09-05 00:19:04.086548,24.73331889226013,76.07206056766138,923.3403908097482
2022-09-05 00:20:04.166557,24.83341601582057,75.55550786717447,923.3343546064739
2022-09-05 00:21:04.246550,24.85560636438026,75.97483758817673,923.3400461117949
2022-09-05 00:22:04.326545,24.856145606663258,75.67880820268415,923.3617774143329
2022-09-05 00:23:04.406547,24.789435440537588,75.5487699076746,923.3959586271712
2022-09-05 00:24:04.486621,24.700848055613424,75.88537229912562,923.3892452298381
2022-09-05 00:25:04.566547,24.82274702556023,75.62009307786013,923.4181410405013
2022-09-05 00:26:04.646550,24.592789781841713,76.37263901620588,923.4132370916938
2022-09-05 00:27:04.726549,24.69945644850838,76.6069120625643,923.4302124635177
2022-09-05 00:28:04.806542,24.85559474244611,75.36747039482296,923.4635981856327
2022-09-05 00:29:04.887090,24.70834533739727,76.02537517680616,923.4879287811007
2022-09-05 00:30:04.951898,24.756425357430274,75.81631672500579,923.4740098352092
2022-09-05 00:31:05.016602,24.810686428920672,75.50233958556036,923.4728027062887
2022-09-05 00:32:05.096540,24.69149529768788,76.38326550620047,923.484533701312
2022-09-05 00:33:05.175335,24.867191470004673,75.03848189750175,923.5071321811846
2022-09-05 00:34:05.251910,24.74343702392109,75.58766841062742,923.5095063501706
2022-09-05 00:35:05.316543,24.78563750098554,75.59873574792532,923.519803179915
2022-09-05 00:36:05.396542,24.746684107177693,75.83729867341582,923.4908714545764
2022-09-05 00:37:05.466544,24.802800654795007,75.59648638130648,923.5192773956452
2022-09-05 00:38:05.541712,24.661506170680585,76.14348063305172,923.5282556177768
2022-09-05 00:39:05.606583,24.940772678733023,74.91667232250728,923.544552723066
2022-09-05 00:40:05.686547,24.814397381614608,75.56060489662943,923.550212225424
2022-09-05 00:41:05.766553,24.760124708936896,75.69815759973008,923.5844913533101
2022-09-05 00:42:05.847089,24.799089702429498,75.62026019250223,923.6002310374242
2022-09-05 00:43:05.916547,24.783782025032686,75.59555917960037,923.5942296399927
2022-09-05 00:44:05.996562,24.844461884955468,75.43369871801809,923.5793699739296
2022-09-05 00:45:06.076561,24.780534942178413,75.4144742550789,923.558543366181
2022-09-05 00:46:06.157148,24.7736638899692,75.78918084371138,923.5456480982824
2022-09-05 00:47:06.232806,24.915346867484622,75.10366901300753,923.5404433525503
2022-09-05 00:48:06.291341,24.96219765859703,74.79143626747337,923.5496886832484
2022-09-05 00:49:06.351347,24.889921058996666,75.5068615630325,923.5660977387146
2022-09-05 00:50:06.417564,24.98678273390216,74.89756672737259,923.57568281218
2022-09-05 00:51:06.481302,24.86997468477145,75.34539275582921,923.5806571221065
2022-09-05 00:52:06.546549,24.908475828443756,75.43619031722983,923.5840189484919
2022-09-05 00:53:06.626545,24.888703478867473,75.34134365318793,923.5790020542828
2022-09-05 00:54:06.706539,24.952630444335664,75.06509130129638,923.5717187740494
2022-09-05 00:55:06.786553,24.9975387583636,74.77585448540081,923.5746239930273
2022-09-05 00:56:06.866545,24.987246603291876,75.09497032536713,923.5846619140071
2022-09-05 00:57:06.946165,24.840837922600983,75.50193182227733,923.5820550031137
2022-09-05 00:58:07.016554,24.912650651931443,75.15934789524522,923.5714564743206
2022-09-05 00:59:07.096548,24.887224849502996,75.09294523599632,923.5864346516479
2022-09-05 01:00:07.178806,25.030299439572094,74.80256503663823,923.5950746132526
2022-09-05 01:01:07.248866,24.857160355732546,75.28809988713732,923.5897928885662
2022-09-05 01:02:07.316605,24.869133946057882,75.31988195366297,923.5741350801833
2022-09-05 01:03:07.392407,24.977041477097423,74.95394763641222,923.5942442884448
2022-09-05 01:04:07.456541,24.776910973754568,75.62149834995577,923.5983114203761
2022-09-05 01:05:07.536549,24.82219617281181,75.17844929119724,923.6082232046075
2022-09-05 01:06:07.611411,24.88444163342579,75.01991387405978,923.6039021590722
2022-09-05 01:07:07.671392,24.940859672448724,75.1958741249504,923.5925812881932
2022-09-05 01:08:07.736580,24.76206716282117,75.7587809278619,923.5877083464012
2022-09-05 01:09:07.821730,24.92192803793586,74.94622591439531,923.5863588733827
2022-09-05 01:10:07.886545,24.86626373176222,75.45279711032072,923.597104324932
2022-09-05 01:11:07.963238,24.910708176206665,75.25467829472382,923.6004995040929
2022-09-05 01:12:08.021294,24.93427851193245,74.86036194662435,923.5835199840753
2022-09-05 01:13:08.085816,24.800394333337227,75.19987201400704,923.5766818618732
2022-09-05 01:14:08.156768,24.79592960897045,75.4484104576301,923.5708883093299
2022-09-05 01:15:08.231290,24.71159242066536,75.9782108899894,923.5728441929972
2022-09-05 01:16:08.298300,24.826834862529733,75.3212448915262,923.5537152510819
2022-09-05 01:17:08.366569,24.725346132964475,75.32694282962794,923.5497913848653
2022-09-05 01:18:08.446542,24.786188356441855,75.61327826460975,923.5504027561589
2022-09-05 01:19:08.522672,24.848549728925427,74.9538767428357,923.5330766198467
2022-09-05 01:20:08.586594,24.791667798013773,75.74541893060481,923.5414570228527
2022-09-05 01:21:08.662070,24.736392016051028,75.89121340532968,923.5365436898556
2022-09-05 01:22:08.724282,24.75038346237421,75.40654029200815,923.5606110770823
2022-09-05 01:23:08.781289,24.732304167652206,76.02737030441445,923.5333833430086
2022-09-05 01:24:08.846545,24.67254046378416,75.65732867497375,923.5517374632853
2022-09-05 01:25:08.926554,24.816542778766436,75.23729110418343,923.551853561221
2022-09-05 01:26:09.006536,24.623834254248102,76.06138559260793,923.5569625988516
2022-09-05 01:27:09.087102,24.78972534938436,75.19215241759343,923.5586105070653
2022-09-05 01:28:09.153232,24.671989647353378,75.61124397981669,923.5507028939122
2022-09-05 01:29:09.216553,24.766068040239762,75.23450005898763,923.5302004325208
2022-09-05 01:30:09.296538,24.724232922821923,75.66750338990278,923.5425027579164
2022-09-05 01:31:09.376604,24.704373509034372,75.39548929074337,923.5175819882124
2022-09-05 01:32:09.456550,24.561298936587114,76.30535743723902,923.5276486877648
2022-09-05 01:33:09.536548,24.838344613532993,74.89121843375356,923.5392606201067
2022-09-05 01:34:09.617107,24.69509613843326,75.415756399966,923.5264419268242
2022-09-05 01:35:09.686362,24.68228170786393,75.64098574713216,923.5169243014359
2022-09-05 01:36:09.767928,24.801698978447853,74.945735921894,923.4941748497873
2022-09-05 01:37:09.836734,24.539508665865878,76.46335410356082,923.5185705090572
2022-09-05 01:38:09.916562,24.814600352798596,75.5571040717492,923.5078960373676
2022-09-05 01:39:09.996548,24.783521158809336,75.1038845722824,923.4869141619182
2022-09-05 01:40:10.076540,24.704460452618726,75.65709845912755,923.4814996601748
2022-09-05 01:41:10.151296,24.784071967753587,75.20882474617218,923.5039399618101
2022-09-05 01:42:10.216545,24.696110816210542,75.60364670813642,923.5049209342003
2022-09-05 01:43:10.291257,24.664654695297617,76.0281471478058,923.4965886555051
2022-09-05 01:44:10.356553,24.534794594656418,76.44716811548379,923.4788542334187
2022-09-05 01:45:10.436547,24.739627523309142,75.40092335328644,923.4598087808542
2022-09-05 01:46:10.511432,24.743350048965237,75.51972689505357,923.4403560728672
2022-09-05 01:47:10.577133,24.729045496243625,75.54704924224593,923.448085281472
2022-09-05 01:48:10.646600,24.551946179187055,75.70499668823972,923.4490837433993
2022-09-05 01:49:10.726552,24.70492432132367,75.41006489617669,923.4090032478435
2022-09-05 01:50:10.802790,24.733133362072152,75.4048704664695,923.4020221332795
2022-09-05 01:51:10.861575,24.62800907149893,75.88629362321103,923.40352732273
2022-09-05 01:52:10.926125,24.660404493696277,75.60897435405012,923.3676642770449
2022-09-05 01:53:10.991311,24.76282095892582,75.30505951416424,923.3756989106571
2022-09-05 01:54:11.056547,24.740178347704315,75.4154733540818,923.3783792595063
2022-09-05 01:55:11.137160,24.70724366487302,75.57450204238778,923.399573817369
2022-09-05 01:56:11.206536,24.745193947482736,75.3441773334512,923.4079840627554
2022-09-05 01:57:11.286567,24.660404493696277,75.81312160691039,923.404742447072
2022-09-05 01:58:11.366545,24.703909640488718,75.4497437631413,923.3965841244581
2022-09-05 01:59:11.447642,24.686369574406783,75.57571920955857,923.413639067639
2022-09-05 02:00:11.511424,24.763197879208658,75.0066047428824,923.4139756509629
2022-09-05 02:01:11.576628,24.724696791282188,75.28794418032362,923.4219984539959
2022-09-05 02:02:11.656554,24.72200051498613,75.66453326621159,923.4360792847169
2022-09-05 02:03:11.736558,24.667350961543757,75.39546332394293,923.426986555665
2022-09-05 02:04:11.812977,24.773953809480048,75.23976216568302,923.4027455633046
2022-09-05 02:05:11.871901,24.54963839192718,76.44777779017534,923.4096814229769
2022-09-05 02:06:11.936545,24.671148857546168,75.48938006913325,923.4117963275895
2022-09-05 02:07:12.016591,24.712810089558964,75.67972562140218,923.4275249443359
2022-09-05 02:08:12.092435,24.686294189975808,75.76329014899596,923.440911919457
2022-09-05 02:09:12.151280,24.725334545966923,75.58216211013124,923.4509513385243
2022-09-05 02:10:12.211293,24.700662560715106,75.11804189825861,923.4406748449384
2022-09-05 02:11:12.273273,24.649347028413803,75.45658558235937,923.4057195881145
2022-09-05 02:12:12.336580,24.590371886896286,75.73356793865584,923.3970067988067
2022-09-05 02:13:12.411277,24.682107820695222,75.08629115516996,923.4057810751434
2022-09-05 02:14:12.476545,24.56122354972248,75.82487888483767,923.4130665190356
2022-09-05 02:15:12.551676,24.676628333327212,75.49499378108698,923.4045466725197
2022-09-05 02:16:12.616540,24.610770548241394,75.50217856461421,923.3777264614436
2022-09-05 02:17:12.696555,24.684891031530707,75.31026356754941,923.3747788175149
2022-09-05 02:18:12.771451,24.689529716387884,75.10501573911596,923.3423435558585
2022-09-05 02:19:12.836536,24.724232922821923,75.13202449664544,923.3507143871668
2022-09-05 02:20:12.916542,24.64694074593229,75.54661068632164,923.3578833094921
2022-09-05 02:21:12.998315,24.482829789373525,76.01755222739337,923.3539416734432
2022-09-05 02:22:13.066579,24.57541811656944,75.65306491843057,923.3625582259916
2022-09-05 02:23:13.146571,24.564836047067658,75.54685771226816,923.3559347717855
2022-09-05 02:24:13.221819,24.75708065629345,75.11368738650232,923.3469398329613
2022-09-05 02:25:13.281426,24.623660406806124,75.71085581513687,923.3321047136502
2022-09-05 02:26:13.361884,24.536540089322767,75.57223760465314,923.3226232800006
2022-09-05 02:27:13.422826,24.571243303826297,75.6293590932203,923.3530529147773
2022-09-05 02:28:13.481667,24.65334797885686,75.38280301227277,923.30578834449
2022-09-05 02:29:13.546557,24.417899749911594,76.24107666054896,923.2997430885234
2022-09-05 02:30:13.626597,24.459636378142672,76.01702534509738,923.3073572797531
2022-09-05 02:31:13.706562,24.509171873710564,75.90274009288211,923.2818082318256
2022-09-05 02:32:13.786542,24.59481368655022,75.22299013264559,923.2936482012913
2022-09-05 02:33:13.866556,24.514738289982162,75.86336508053365,923.2983659505622
2022-09-05 02:34:13.946535,24.63934502224063,75.31057543705515,923.2898183653713
2022-09-05 02:35:14.027154,24.56420988725127,75.14592572972185,923.3058005405753
2022-09-05 02:36:14.093023,24.567996227340256,75.61627531659701,923.3088908895638
2022-09-05 02:37:14.151996,24.624501241995606,75.27915833167349,923.2995806883133
2022-09-05 02:38:14.216535,24.41464117206248,75.85559247883464,923.3005143559511
2022-09-05 02:39:14.291449,24.431328936602355,76.17022205726633,923.3092843138751
2022-09-05 02:40:14.371540,24.633691715097473,75.15926063129265,923.3103142505122
2022-09-05 02:41:14.436535,24.485427738018803,75.56901955833497,923.2996504459438
2022-09-05 02:42:14.513184,24.573939628155042,75.43510423565913,923.2963168961642
2022-09-05 02:43:14.576550,24.454058465406515,76.35380393661463,923.2858011921151
2022-09-05 02:44:14.656558,24.44015391588138,75.974660509739,923.2901534474097
2022-09-05 02:45:14.736585,24.578201325138767,75.49820646606213,923.2976189593065
2022-09-05 02:46:14.816531,24.564285282883308,75.79600975027648,923.2846030684613
2022-09-05 02:47:14.891431,24.602699442809367,75.34275570923327,923.3121677622823
2022-09-05 02:48:14.951265,24.58887029186884,75.45170382471419,923.3038077133298
2022-09-05 02:49:15.016597,24.473929394124518,75.95490388653377,923.2992381119054
2022-09-05 02:50:15.096545,24.607801991229937,75.27468618946558,923.2971983911807
2022-09-05 02:51:15.176544,24.513810553920475,75.71492000100443,923.295197622294
2022-09-05 02:52:15.256544,24.55918273442661,75.28109759819954,923.2809053613186
2022-09-05 02:53:15.336545,24.560574338531456,75.72942831150421,923.2721945476846
2022-09-05 02:54:15.421589,24.46557976900771,75.6769663233691,923.2768341196472
2022-09-05 02:55:15.486606,24.448503542210087,76.5825929554972,923.2650396989878
2022-09-05 02:56:15.566552,24.48004657980906,75.72481175527187,923.2151902001807
2022-09-05 02:57:15.646544,24.642679006876858,75.73746999930017,923.2639598783826
2022-09-05 02:58:15.726553,24.500996043904255,75.6998258047989,923.2568299500298
2022-09-05 02:59:15.806558,24.52727423381797,75.76454407043914,923.253810641278
2022-09-05 03:00:15.886597,24.670424192574817,74.78761587440083,923.2390268247549
2022-09-05 03:01:15.966540,24.631082299188225,75.24229578939904,923.229637176232
2022-09-05 03:02:16.046578,24.66308921490162,75.12083749591348,923.2346212086651
2022-09-05 03:03:16.126556,24.641751270223995,75.43608180600928,923.2358244600227
2022-09-05 03:04:16.206559,24.64723078117975,75.10570371169045,923.2031183478625
2022-09-05 03:05:16.286539,24.556863394284704,75.65682265760218,923.190208770737
2022-09-05 03:06:16.366645,24.545730562175027,75.71608450147025,923.1852275313962
2022-09-05 03:07:16.446553,24.511491213794994,75.46011918976747,923.1705609530886
2022-09-05 03:08:16.526538,24.515289052414353,75.68589590880471,923.1621621531032
2022-09-05 03:09:16.606604,24.49618356999643,75.46555879149926,923.1424998368406
2022-09-05 03:10:16.686540,24.62264576958321,75.65319422605042,923.1417550037228
2022-09-05 03:11:16.766548,24.571620288538625,75.5223581862701,923.1316732056557
2022-09-05 03:12:16.846540,24.471134702183445,75.75636725919969,923.1126264410309
2022-09-05 03:13:16.926563,24.58266624705866,75.1231833378403,923.106548635079
2022-09-05 03:14:17.006540,24.457218666578665,76.0323600182972,923.070765346587
2022-09-05 03:15:17.086577,24.512709076046033,75.4026551925452,923.0829726067133
2022-09-05 03:16:17.166550,24.38393901812249,76.08570041786314,923.0503969974158
2022-09-05 03:17:17.246565,24.41075648893913,75.67573329949002,923.0395322700856
2022-09-05 03:18:17.327098,24.452029262735483,75.57754069645112,923.0115122898891
2022-09-05 03:19:17.396551,24.469667699554748,75.93935721926677,923.0366057998403
2022-09-05 03:20:17.478197,24.40574080457391,75.74705793628732,923.0489700567568
2022-09-05 03:21:17.544081,24.48264453142005,75.53052007727106,923.0438740194426
2022-09-05 03:22:17.601451,24.502040119135977,75.65932963257289,923.0309707530013
2022-09-05 03:23:17.665745,24.457595674691532,75.60512704516235,923.0186026973881
2022-09-05 03:24:17.741285,24.433010690336506,75.43364267202836,923.028963765276
2022-09-05 03:25:17.801558,24.367228338681578,75.74791997023209,922.9976987856352
2022-09-05 03:26:17.861270,24.40981731309802,75.51048113517703,923.0042211091381
2022-09-05 03:27:17.926546,24.383840735464798,75.9827743014376,923.0123928040208
2022-09-05 03:28:18.004733,24.38801554223711,75.53794036292777,922.9964456573358
2022-09-05 03:29:18.066535,24.465771613362087,75.3508800528279,922.9846775623437
2022-09-05 03:30:18.143029,24.43431545640083,75.5110034178381,922.9814400827975
2022-09-05 03:31:18.206544,24.34116494053278,75.64601731369677,922.9740676348088
2022-09-05 03:32:18.286574,24.339222667120048,75.78950081699004,922.9861085858986
2022-09-05 03:33:18.362595,24.267032994767995,76.18421932350546,922.9800100232131
2022-09-05 03:34:18.421273,24.315188376509642,75.93823562539228,922.9839328625776
2022-09-05 03:35:18.482367,24.406396601262653,75.46708216812895,923.0154516270434
2022-09-05 03:36:18.541599,24.489417437282594,75.59228760267385,922.9741459719845
2022-09-05 03:37:18.605857,24.337831065838046,75.71336676299352,922.9557967303085
2022-09-05 03:38:18.676593,24.343948144126415,76.04403794675858,922.9837961230426
2022-09-05 03:39:18.756547,24.44776761265137,74.95556841072558,922.9769958122741
2022-09-05 03:40:18.836563,24.40973048475271,75.73485171071431,922.9639359578396
2022-09-05 03:41:18.916572,24.4296767821519,75.44586429782164,922.9680533667712
2022-09-05 03:42:18.991444,24.448144653837,75.53393409524554,922.988101140481
2022-09-05 03:43:19.055560,24.455102663892582,75.25887363273627,922.9615233191585
2022-09-05 03:44:19.121260,24.423182638479275,75.68408250474187,922.9527054725226
2022-09-05 03:45:19.186569,24.38708780738732,75.88143700651202,922.9411709980272
2022-09-05 03:46:19.266538,24.369460846489407,75.7043528953601,922.9208426198195
2022-09-05 03:47:19.346586,24.343031822847436,75.4106995807856,922.8983794646833
2022-09-05 03:48:19.426542,24.418630795965033,75.77276759888557,922.9202165524994
2022-09-05 03:49:19.506546,24.407875015381567,75.65754584204106,922.8936574361124
2022-09-05 03:50:19.586557,24.441360307147352,75.28136612275881,922.8746727416936
2022-09-05 03:51:19.666541,24.477919002367596,75.46149729259488,922.8612480484661
2022-09-05 03:52:19.746542,24.405642505631082,75.55242802917526,922.8403165215788
2022-09-05 03:53:19.826562,24.450086950075526,75.31213881860891,922.8623738290617
2022-09-05 03:54:19.906535,24.407411148042886,75.43188657159249,922.8495060595508
2022-09-05 03:55:19.986562,24.474121226596345,75.15739969036008,922.8441956577178
2022-09-05 03:56:20.066553,24.37781045925073,75.3970436245518,922.8208171635739
2022-09-05 03:57:20.146570,24.510766757638574,75.2510658234309,922.8133600695111
2022-09-05 03:58:20.226565,24.50119924319507,75.24904627403943,922.793681274812
2022-09-05 03:59:20.306589,24.367703647589607,75.5321629572021,922.826486473845
2022-09-05 04:00:20.382709,24.53784480666963,75.15660640112871,922.8052559874994
2022-09-05 04:01:20.446542,24.50351858235169,75.46168191684723,922.8181918789616
2022-09-05 04:02:20.521279,24.4298619342364,75.4269036826206,922.8318043921671
2022-09-05 04:03:20.586592,24.49377735816977,75.02617908237035,922.7943224824842
2022-09-05 04:04:20.666561,24.557704251702237,74.9902252189008,922.8420616173281
2022-09-05 04:05:20.741611,24.521986430586985,74.84696845190368,922.8348582464625
2022-09-05 04:06:20.801297,24.444143512869204,75.39090381521689,922.8318010632846
2022-09-05 04:07:20.861844,24.346354302381435,75.74325007569419,922.8246284792294
2022-09-05 04:08:20.921264,24.29023776445933,76.03828084179827,922.7877533475819
2022-09-05 04:09:20.983930,24.322233197909423,75.82847778936912,922.8093154921821
2022-09-05 04:10:21.041671,24.43060451698855,75.31797539669115,922.8146359509458
2022-09-05 04:11:21.101270,24.34719521506037,75.43202346288734,922.8209606391777
2022-09-05 04:12:21.166576,24.33559853352287,75.92438803745895,922.7985246138327
2022-09-05 04:13:21.246548,24.407411148042886,75.4017771555225,922.8036968633592
2022-09-05 04:14:21.326554,24.41158595415013,75.60786240749572,922.8347651445176
2022-09-05 04:15:21.406589,24.419848750084135,75.48635572371703,922.8127746937242
2022-09-05 04:16:21.486548,24.32531804291845,75.94688344960869,922.8191094385801
2022-09-05 04:17:21.566547,24.359632820954086,75.72749256351919,922.8380292969509
2022-09-05 04:18:21.646539,24.410571405921527,75.46518836145397,922.8504732074504
2022-09-05 04:19:21.726560,24.335047863318373,75.52496711553245,922.8442781573254
2022-09-05 04:20:21.806601,24.389320323115207,75.38602627471388,922.8497642558661
2022-09-05 04:21:21.886559,24.391262614263088,75.47815912154823,922.8251187289538
2022-09-05 04:22:21.966676,24.312318378287184,75.58396214802292,922.8134681395652
2022-09-05 04:23:22.046599,24.312869040686575,75.44861816313356,922.8050400844159
2022-09-05 04:24:22.126551,24.32779960623962,75.49532978736337,922.8168951472601
2022-09-05 04:25:22.206577,24.431068384409336,75.20141369623089,922.8144100081471
2022-09-05 04:26:22.286539,24.40917980435379,75.17886626021567,922.8162774459541
2022-09-05 04:27:22.366568,24.332728527930474,75.49240207788488,922.7875387050011
2022-09-05 04:28:22.446553,24.390248057666124,75.78454693485466,922.7804679534169
2022-09-05 04:29:22.521741,24.38560938497723,75.10464930715446,922.7450268480773
2022-09-05 04:30:22.586545,24.242372623538483,76.16200642901511,922.7733282737909
2022-09-05 04:31:22.666556,24.32345118678941,75.49924830459402,922.7767529364291
2022-09-05 04:32:22.741366,24.32011733475953,75.40598224794269,922.7764324892909
2022-09-05 04:33:22.806550,24.35684961797133,75.37105030097239,922.7536535462251
2022-09-05 04:34:22.904319,24.362793093886253,75.25011906242312,922.7435005809316
2022-09-05 04:35:22.961261,24.31139064428803,75.29693360793387,922.7531114909282
2022-09-05 04:36:23.025786,24.284109279891265,75.67888792934669,922.7712509045668
2022-09-05 04:37:23.106591,24.344702281254946,75.53625580361685,922.7549169619476
2022-09-05 04:38:23.186550,24.268714887427464,75.86486311475021,922.7750696747489
2022-09-05 04:39:23.266550,24.26648233284647,75.95829169417131,922.7712822740358
2022-09-05 04:40:23.341810,24.28348320986398,75.59281271343635,922.7720289643711
2022-09-05 04:41:23.401792,24.28216702667689,75.56404320470092,922.769725114513
2022-09-05 04:42:23.466540,24.324756003556548,75.3506917556929,922.7813352527268
2022-09-05 04:43:23.546596,24.265090731864976,75.48217746979003,922.7862857775341
2022-09-05 04:44:23.626545,24.299793969852796,75.27862005614834,922.7544267050181
2022-09-05 04:45:23.707106,24.29701076814106,75.51113842606625,922.776931652084
2022-09-05 04:46:23.772201,24.3082303691636,75.55151243666359,922.7381202927703
2022-09-05 04:47:23.831275,24.34850000937777,75.1074596797198,922.7431327476452
2022-09-05 04:48:23.896569,24.274368072020753,75.84381790496153,922.7270261155072
2022-09-05 04:49:23.976579,24.392944453822214,75.1074596797198,922.7227744445912
2022-09-05 04:50:24.056563,24.28828408348603,75.7863115798192,922.7102544580746
2022-09-05 04:51:24.136599,24.305447166328637,75.51363613603326,922.7055833230847
2022-09-05 04:52:24.216541,24.30767970835709,75.42851774798977,922.7305285140868
2022-09-05 04:53:24.292440,24.33319239500477,75.57541980226718,922.7184725454433
2022-09-05 04:54:24.356580,24.342005869728396,75.29563413537595,922.7358178289611
2022-09-05 04:55:24.431603,24.323915053830863,75.14522725987582,922.7646518647207
2022-09-05 04:56:24.492513,24.236794848446767,75.71544004021408,922.7806194023317
2022-09-05 04:57:24.551371,24.208046462653254,75.92627809871846,922.769282296061
2022-09-05 04:58:24.616526,24.29561916730736,75.66324559879591,922.7788537055479
2022-09-05 04:59:24.696540,24.39155285244168,75.08551081795055,922.7806820909668
2022-09-05 05:00:24.776543,24.286428615205267,75.80722648875395,922.8127215853945
2022-09-05 05:01:24.856547,24.310926777290913,75.91843990326998,922.7712822740358
2022-09-05 05:02:24.936566,24.320667984575177,75.37243764352495,922.8053284748182
2022-09-05 05:03:25.016554,24.1937420046833,75.94154555531017,922.8077618800423
2022-09-05 05:04:25.096600,24.25674112628639,75.64867357825082,922.8135764676246
2022-09-05 05:05:25.176542,24.324292136669456,75.49535546103714,922.8385226766821
2022-09-05 05:06:25.252011,24.267323286894275,75.54469810040234,922.8354627300922
2022-09-05 05:07:25.319316,24.207107370773286,75.8092079061027,922.8340594610206
2022-09-05 05:08:25.381406,24.172781233098107,75.89805490478368,922.8588429942267
2022-09-05 05:09:25.446541,24.31408706556891,75.29483009203757,922.8599672923706
2022-09-05 05:10:25.526564,24.290429858347217,75.34923142513193,922.8485318193857
2022-09-05 05:11:25.606553,24.318725734152448,75.24876804679054,922.8557121798465
2022-09-05 05:12:25.683037,24.309448397149584,75.50009457559304,922.8720278731994
2022-09-05 05:13:25.746564,24.266859420053166,75.50326516232987,922.8655072780214
2022-09-05 05:14:25.826677,24.219545010885984,75.6481893416806,922.8816502224323
2022-09-05 05:15:25.906545,24.28718279102269,75.31207513191889,922.8996474300086
2022-09-05 05:16:25.981279,24.188002080932783,75.70867907435397,922.9093713926892
2022-09-05 05:17:26.046554,24.196728805038664,75.59549433552377,922.9530294246631
2022-09-05 05:18:26.126571,24.165736487890488,75.75491786892316,922.9435044223911
2022-09-05 05:19:26.206075,24.238476790810626,75.42301409942725,922.9346300961952
2022-09-05 05:20:26.286542,24.213978610930717,75.6145976446252,922.9520989702883
2022-09-05 05:21:26.366594,24.168142566534403,75.84221451460479,922.948666274847
2022-09-05 05:22:26.446553,24.18150794923795,75.69551234450138,922.9587067599219
2022-09-05 05:23:26.526559,24.194873339313077,75.5682464801127,922.9578524930802
2022-09-05 05:24:26.606547,24.16025683375298,75.58670659757266,922.9490763676404
2022-09-05 05:25:26.686542,24.2158340775562,75.5515440532099,922.9778086077498
2022-09-05 05:26:26.764509,24.225952393682395,75.44225229557311,922.9618741886869
2022-09-05 05:27:26.832621,24.165272621409006,75.71349210154138,922.9701532206907
2022-09-05 05:28:26.896578,24.199975870121662,75.5303112072267,922.9547660841661
2022-09-05 05:29:26.976592,24.218066662771374,75.68260733962823,923.0061200836623
2022-09-05 05:30:27.056560,24.16657749025343,75.59966824985295,922.9950673518665
2022-09-05 05:31:27.136599,24.09522880155046,76.1215502250297,923.0368764425061
2022-09-05 05:32:27.215367,24.11888598155363,76.04771937284981,923.0439482602496
2022-09-05 05:33:27.283914,24.127786174359215,75.66066528522063,923.0521428375682
2022-09-05 05:34:27.344209,24.149501162015692,75.503455770295,923.0535535298665
2022-09-05 05:35:27.401313,24.148950570977277,75.84294523161202,923.0331170594359
2022-09-05 05:36:27.466576,24.180203099941597,75.67593962086784,923.0244450146399
2022-09-05 05:37:27.546600,24.176405417417804,75.59405228405794,923.0158475306064
2022-09-05 05:38:27.626538,24.072672800727375,76.07935902313373,923.0154195778275
2022-09-05 05:39:27.688890,24.242651590119397,75.27813550456203,923.0117576522103
2022-09-05 05:40:27.751428,24.04392439247919,75.96935066805217,922.9939180227418
2022-09-05 05:41:27.813462,24.20739773347067,75.37443498326579,923.0202832779667
2022-09-05 05:42:27.876546,24.136686388882147,75.63236961876568,923.005070104483
2022-09-05 05:43:27.956573,24.25100118913598,75.24448317636298,923.0203198307051
2022-09-05 05:44:28.037095,24.218994395795097,75.54874184275542,923.0138858113039
2022-09-05 05:45:28.102192,24.236621324493868,75.46145893713685,923.0126576153407
2022-09-05 05:46:28.166582,24.161097823149564,75.82774974954162,923.0810807823598
2022-09-05 05:47:28.241762,24.186610481256796,75.50613277762636,923.0571693770314
2022-09-05 05:48:28.306570,24.174549951350652,75.53670154592925,923.0698610781778
2022-09-05 05:49:28.387144,24.183363415403633,75.52316170554434,923.0808760421869
2022-09-05 05:50:28.453014,24.20043973656866,75.5772463745123,923.0604199507087
2022-09-05 05:51:28.516545,24.100881919814302,76.05939793592326,923.0743162127291
2022-09-05 05:52:28.596575,24.140687700240367,75.40261955479804,923.1120812413074
2022-09-05 05:53:28.674891,24.155531425677218,75.6080586669698,923.1464350800952
2022-09-05 05:54:28.736563,24.099490320591546,75.8420758415427,923.1324763555119
2022-09-05 05:55:28.816303,24.14393476503599,75.39763139709825,923.1562227150939
2022-09-05 05:56:28.886541,24.168519686813866,75.55198573599193,923.1669540773755
2022-09-05 05:57:28.967277,24.097634854984193,75.6227039954214,923.1847916586132
2022-09-05 05:58:29.048422,24.167591953832837,75.55385445672738,923.1870839994191
2022-09-05 05:59:29.116598,24.229663326040033,75.50827067483814,923.1998787161033
2022-09-05 06:00:29.191624,24.238476790810626,75.26046768923092,923.1847357289341
2022-09-05 06:01:29.256563,24.124539108862397,75.74941486661606,923.208153775238
2022-09-05 06:02:29.333040,24.267236522080204,75.15322607309302,923.2093433442413
2022-09-05 06:03:29.396615,24.166750966597316,75.40213685289044,923.2273480807473
2022-09-05 06:04:29.476548,24.274658389238983,75.12661131030498,923.2389781334244
2022-09-05 06:05:29.556634,24.20516514481849,75.42344285081845,923.2243638025852
2022-09-05 06:06:29.632155,24.118972711055054,75.5477844169339,923.2187802885478
2022-09-05 06:07:29.692172,24.1286271745611,75.64336920042214,923.2519812868469
2022-09-05 06:08:29.756586,24.05411814334014,75.81340187314639,923.2621003722733
2022-09-05 06:09:29.842364,24.20229520237307,75.33411370258959,923.2659251667754
2022-09-05 06:10:29.905077,24.11007252183755,75.46168962807195,923.2832420647636
2022-09-05 06:11:29.976610,24.061917147163687,75.67155412120572,923.2589641022605
2022-09-05 06:12:30.056543,24.107753190431847,75.67543582222099,923.2587397260047
2022-09-05 06:13:30.136553,24.18374054551132,75.56076143874876,923.2819221561482
2022-09-05 06:14:30.211250,24.151269902325506,75.46899703411944,923.2538757885892
2022-09-05 06:15:30.272491,24.151733768600078,75.64605090102762,923.2904751829084
2022-09-05 06:16:30.336554,24.121205313156388,75.62467252391436,923.2644858206068
2022-09-05 06:17:30.411407,24.191626274356523,75.2963243849492,923.2258071873453
2022-09-05 06:18:30.476545,24.121118598000727,75.51299543282445,923.2564002413236
2022-09-05 06:19:30.556552,24.1266849921231,75.47434822981528,923.2487187851088
2022-09-05 06:20:30.631509,24.05524961884117,75.68640321610785,923.227440486932
2022-09-05 06:21:30.691349,24.11091354272387,75.51663398119106,923.2371272420116
2022-09-05 06:22:30.756555,24.179015161979027,74.99371208016873,923.2231371638405
2022-09-05 06:23:30.836547,24.063222035403466,75.71976794332656,923.2167329523148
2022-09-05 06:24:30.916553,24.099694063285614,75.4461256311695,923.203697492905
2022-09-05 06:25:30.996585,24.085864774050357,75.56715130465015,923.2106361621802
2022-09-05 06:26:31.073519,24.007094246978657,75.8721965177611,923.1963810234469
2022-09-05 06:27:31.139682,24.07621028739009,75.45953506677547,923.2101163482272
2022-09-05 06:28:31.206578,24.140676409165227,75.36789082639919,923.2218898520684
2022-09-05 06:29:31.286542,24.047363898203397,75.84249864127705,923.2191004531908
2022-09-05 06:30:31.366559,24.074731989510283,75.8402682770995,923.2349682744809
2022-09-05 06:31:31.444715,23.991322806624353,75.8964232191909,923.244145396908
2022-09-05 06:32:31.506557,24.081603293115204,75.43780441324272,923.2591843878902
2022-09-05 06:33:31.587139,24.06351252544249,75.48966685678103,923.2536174617459
2022-09-05 06:34:31.656550,23.951430348319278,75.98779198509204,923.2545241009491
2022-09-05 06:35:31.736557,24.013124504086388,75.5805252586456,923.2621161833388
2022-09-05 06:36:31.816546,24.000600124249925,75.78123750493037,923.3058161680185
2022-09-05 06:37:31.895573,24.023706739137552,75.6445811446229,923.277178226548
2022-09-05 06:38:31.976540,23.987148013907145,75.80052361198977,923.2738716991989
2022-09-05 06:39:32.059336,24.077979051570097,75.47694436685151,923.2887909591772
2022-09-05 06:40:32.121338,23.97323203914377,75.88904316586586,923.2998536906023
2022-09-05 06:41:32.186548,23.976942965602827,75.864347986371,923.2967713942046
2022-09-05 06:42:32.266550,24.03901431216303,75.59097353090719,923.2916730595265
2022-09-05 06:43:32.346606,24.13132365407238,75.31673590272483,923.3248595363189
2022-09-05 06:44:32.431795,24.164635310114434,75.35791873246467,923.3164768653322
2022-09-05 06:45:32.506545,24.05803281447369,75.51360692964558,923.2914377003549
2022-09-05 06:46:32.587818,24.097925291702825,75.3861085582488,923.2895353962074
2022-09-05 06:47:32.656538,24.082153845765234,75.67469572952079,923.2965984623328
2022-09-05 06:48:32.731269,24.022952386100034,75.80917222020574,923.3229101155765
2022-09-05 06:49:32.796580,24.068788428954374,75.57277312212464,923.3345582156174
2022-09-05 06:50:32.876571,24.088734674453626,75.28284858078382,923.3384703250205
2022-09-05 06:51:32.956551,24.16008336182318,75.2183688246548,923.3518857250788
2022-09-05 06:52:33.037094,24.10682545788106,75.46015313747658,923.342563935782
2022-09-05 06:53:33.106541,24.06554136602094,75.58591950124848,923.3720527294529
2022-09-05 06:54:33.186539,24.085400908008967,75.63359257513912,923.3712642996637
2022-09-05 06:55:33.261559,24.12251019650915,75.32140699314509,923.3853427045192
2022-09-05 06:56:33.326561,24.097461425618743,75.16459902807219,923.4179416312455
2022-09-05 06:57:33.406556,24.127148858310637,75.25693461243415,923.4256000941092
2022-09-05 06:58:33.482389,24.10636159160813,75.43678639617727,923.4455360463415
2022-09-05 06:59:33.546556,24.14839999538979,75.15462133530059,923.4536435466762
2022-09-05 07:00:33.626566,24.038173267350682,75.61981136260832,923.4582076540767
2022-09-05 07:01:33.701300,24.12398851113389,75.3675607868322,923.4421317863407
2022-09-05 07:02:33.766557,24.085487611025908,75.48089998979746,923.431936261638
2022-09-05 07:03:33.846550,24.084009309894657,75.38943189837525,923.457983765367
2022-09-05 07:04:33.921965,24.118335401028215,75.50473831124245,923.4773353031618
2022-09-05 07:05:33.986588,24.115088337968338,75.28148576819888,923.4925569492281
2022-09-05 07:06:34.063901,24.111000254411326,75.40557895389338,923.4962380734607
2022-09-05 07:07:34.126619,24.08409601243866,75.24275697284634,923.4915228538725
2022-09-05 07:08:34.203807,24.10117235433739,75.31490703369678,923.5015800911511
2022-09-05 07:09:34.266545,24.084009309894657,75.35331680828386,923.5122555108013
2022-09-05 07:10:34.346562,24.060816010165333,75.407010161469,923.5114625525514
2022-09-05 07:11:34.426549,24.04513125799613,75.53087049677501,923.5101549598232
2022-09-05 07:12:34.501327,24.09050343455455,75.31926141692692,923.5123416897322
2022-09-05 07:13:34.566553,24.080848949125894,75.54220379178183,923.540666066436
2022-09-05 07:14:34.646581,24.074268123508308,75.73496224291131,923.5477415987104
2022-09-05 07:15:34.727722,24.103114527743603,75.46585509034331,923.5506522989701
2022-09-05 07:16:34.796543,24.079004772087767,75.31258880059869,923.5696951637028
2022-09-05 07:17:34.871496,24.171302885796358,74.37960684453081,923.5769919069941
2022-09-05 07:18:34.931821,23.986770832630274,75.58787503436031,923.5576937447394
2022-09-05 07:19:34.996566,24.170375152795625,75.20542014959956,923.57092176442
2022-09-05 07:20:35.076555,24.06293160527147,75.56043779439537,923.5437936148796
2022-09-05 07:21:35.151735,24.144949236179105,75.4411125525094,923.5401531358842
2022-09-05 07:22:35.216542,24.209339944481965,75.10996453567478,923.5392011235847
2022-09-05 07:23:35.296547,24.242651590119397,74.91689373772033,923.5070692508503
2022-09-05 07:24:35.376579,24.144485369613875,75.18347809552309,923.5040408416393
2022-09-05 07:25:35.453149,24.230127192592125,74.94216241425006,923.4955173326161
2022-09-05 07:26:35.516551,24.229663326040033,74.95491703888392,923.4887322947103
2022-09-05 07:27:35.592111,24.255175988843792,74.8856036400622,923.4796061696793
2022-09-05 07:28:35.656575,24.237549057648963,75.0904673266639,923.4764941092184
2022-09-05 07:29:35.732312,24.354820575264757,74.81883419935136,923.4446926982143
2022-09-05 07:30:35.796593,24.35954602476851,74.69509127060648,923.455983228269
2022-09-05 07:31:35.876596,24.370678833507203,74.62980261657735,923.4745439899568
2022-09-05 07:32:35.956543,24.261930456155945,74.98827923272208,923.4598293848289
2022-09-05 07:33:36.032058,24.343020409588636,74.90183736207973,923.4816209677397
2022-09-05 07:34:36.096544,24.34951455149103,75.10203105067583,923.4783095565361
2022-09-05 07:35:36.176553,24.449072388489732,74.6041126076902,923.4910651270671
2022-09-05 07:36:36.251267,24.411295759568798,74.8242861275527,923.5092109241767
2022-09-05 07:37:36.316577,24.449709924490254,74.61735872475957,923.5113175203815
2022-09-05 07:38:36.396541,24.53358312468688,74.08217608241236,923.5224732476237
2022-09-05 07:39:36.471326,24.478469721632763,74.34489872894261,923.5298556859625
2022-09-05 07:40:36.536552,24.50119924319507,74.53820262040051,923.5403190062866
2022-09-05 07:41:36.616553,24.519667091890167,74.38603738522883,923.5332090958354
2022-09-05 07:42:36.696571,24.752905840594448,73.69881753043289,923.5512832276291
2022-09-05 07:43:36.773090,24.66030600452922,74.36516365428773,923.5779087615407
2022-09-05 07:44:36.836542,24.744092341222252,73.93597900017679,923.5684022094126
2022-09-05 07:45:36.912932,24.6995609850379,73.84712498877641,923.5661514555588
2022-09-05 07:46:36.986555,24.760878536242267,73.81633549453632,923.5625840908526
2022-09-05 07:47:37.066552,24.119436577529967,75.97998999732611,923.5589630799377
2022-09-05 07:48:37.143249,24.475976696276213,74.6366088762108,923.5553759330807
2022-09-05 07:49:37.206547,24.517724771019495,74.50017061022197,923.5706871844828
2022-09-05 07:50:37.282768,24.491092514091058,74.537524340005,923.6211610468599
2022-09-05 07:51:37.345500,24.606497282282636,74.47200330774962,923.6024671612217
2022-09-05 07:52:37.416545,24.68851505631291,74.04812841622758,923.6244768432222
2022-09-05 07:53:37.496577,24.578288225843476,74.4831967895093,923.6417003847721
2022-09-05 07:54:37.572482,24.888065582196464,73.59981431338048,923.6439244544085
2022-09-05 07:55:37.636594,24.768862839478476,73.80584379025039,923.6642410536452
2022-09-05 07:56:37.716551,24.731364840219936,73.9412323327494,923.6629801114597
2022-09-05 07:57:37.791292,24.853652286919694,73.63751494592519,923.6691782912326
2022-09-05 07:58:37.853771,24.906533354196906,73.66990792720475,923.691149747598
2022-09-05 07:59:37.916545,24.58988493279314,74.55648813984862,923.7133661832345
2022-09-05 08:00:37.992179,24.652507168056488,74.5211748824269,923.7192155152619
2022-09-05 08:01:38.052046,24.79120392900175,74.07747027595148,923.7480658821858
2022-09-05 08:02:38.112937,24.688312002180982,74.55833227977999,923.7422688171528
2022-09-05 08:03:38.176571,24.754645257985057,74.31167948466486,923.7428253278972
2022-09-05 08:04:38.251276,24.787956845963556,74.15479934574302,923.7310515542646
2022-09-05 08:05:38.316888,24.965920261814837,73.56511862709877,923.7492340214521
2022-09-05 08:06:38.396777,25.209817014775115,72.56201739827391,923.7628186679697
2022-09-05 08:07:38.466560,25.026032403577517,73.50239806855899,923.7520797020281
2022-09-05 08:08:38.541292,25.137912369587657,73.56372907994718,923.7169430651724
2022-09-05 08:09:38.601707,25.29639377948326,72.74302555122183,923.6940120326875
2022-09-05 08:10:38.666544,25.298423709879906,73.3262773080929,923.703475487791
2022-09-05 08:11:38.741454,25.49268683426311,73.09928980016568,923.6780308389901
2022-09-05 08:12:38.806561,25.431103055422426,72.85279354791199,923.6469097429208
2022-09-05 08:13:38.881474,25.4546612787962,72.52042325990226,923.6262449117986
2022-09-05 08:14:38.946585,25.350365428156937,73.06175245250813,923.6221554744598
2022-09-05 08:15:39.021442,25.211766948636125,73.0110056590687,923.6078920155129
2022-09-05 08:16:39.086540,25.397252362086117,73.42768023981111,923.5687116061977
2022-09-05 08:17:39.166556,25.622206548061417,72.69597223775328,923.5783729628787
2022-09-05 08:18:39.246576,25.744193078828232,71.87569821978342,923.5523370694668
2022-09-05 08:19:39.321377,25.55078217544653,72.67550706505199,923.5184699571636
2022-09-05 08:20:39.386601,25.595301926444947,72.56737056810302,923.5091576519965
2022-09-05 08:21:39.461295,25.371727408536113,73.09661792465194,923.4829645465289
2022-09-05 08:22:39.526976,25.36662481513724,73.50349861639143,923.4649271859294
2022-09-05 08:23:39.596590,25.447778517790027,72.72565369471408,923.4770478388787
2022-09-05 08:24:39.672949,25.61895943826286,72.65264996780013,923.4950654481287
2022-09-05 08:25:39.736572,25.27107912585259,73.29677676456093,923.4882857910703
2022-09-05 08:26:39.816566,25.552173793764126,72.41966755378797,923.4791529571052
2022-09-05 08:27:39.897992,25.572771016722292,72.69873071069527,923.4489118580418
2022-09-05 08:28:39.966543,25.31251118520713,73.61129480421013,923.4580206925832
2022-09-05 08:29:40.046554,25.648933699143203,73.1856413906246,923.4216248181701
2022-09-05 08:30:40.121510,25.538155321185467,73.33660038276874,923.4394312334398
2022-09-05 08:31:40.186545,25.630641113338708,73.01906982722174,923.4054269294105
2022-09-05 08:32:40.266561,25.640933834227294,73.11462946026195,923.4253724105213
2022-09-05 08:33:40.346554,25.830483502102865,72.2248259350857,923.4437250346839
2022-09-05 08:34:40.426589,25.567816675186137,72.62477461394317,923.4645953575405
2022-09-05 08:35:40.506524,25.605014156770874,72.50187283441475,923.4743052784802
2022-09-05 08:36:40.583494,25.743826463507663,71.97842702546949,923.47566238227
2022-09-05 08:37:40.646566,25.422247642888124,72.54642820152907,923.4699995470387
2022-09-05 08:38:40.726555,25.37206180975034,72.3372006350842,923.4788440993923
2022-09-05 08:39:40.806560,25.447962234500835,71.49254134997712,923.4940531564581
2022-09-05 08:40:40.886557,25.425958635558395,72.24164384651789,923.4936306405144
2022-09-05 08:41:40.961425,25.690017022547543,70.05801504594535,923.4885432534745
2022-09-05 08:42:41.034482,25.500681117941255,70.78877436928983,923.4781542857048
2022-09-05 08:43:41.106553,25.519687797752958,70.21590956439356,923.4860915128044
2022-09-05 08:44:41.186546,25.449266432296575,70.69893164575758,923.5130459994864
2022-09-05 08:45:41.266545,25.41540366799519,70.34603023394966,923.5248673241273
2022-09-05 08:46:41.342446,25.538155321185467,70.59006751302213,923.4773487192043
2022-09-05 08:47:41.401831,25.52238362165498,69.49414089753591,923.477686130909
2022-09-05 08:48:41.466555,25.3265147791063,70.58639735363809,923.460274603109
2022-09-05 08:49:41.546554,25.37606183131016,69.7046089005999,923.4554660749891
2022-09-05 08:50:41.626577,25.386818338055928,70.11210553568118,923.4117851958704
2022-09-05 08:51:41.706600,25.385426717151955,70.37277601789661,923.4426135843315
2022-09-05 08:52:41.786534,25.546679912644798,69.83902297507967,923.4680541563674
2022-09-05 08:53:41.869021,25.4448025555253,70.43665584391128,923.5017050396127
2022-09-05 08:54:41.936544,25.500843846542637,69.56284289346985,923.5260857877032
2022-09-05 08:55:42.012604,25.563466835771408,69.38731378307834,923.5293340283124
2022-09-05 08:56:42.071650,25.566713954547563,69.07969330413616,923.5276635715229
2022-09-05 08:57:42.131469,25.453239739783843,69.77040344249589,923.5262451182687
2022-09-05 08:58:42.196628,25.586573073117176,68.9937773444253,923.5313156502799
2022-09-05 08:59:42.276545,25.509657450624452,69.48264913261221,923.492894704124
2022-09-05 09:00:42.353110,25.51244069414187,68.77974124315872,923.4856343339457
2022-09-05 09:01:42.414161,25.599763087864158,68.891088186313,923.4580821092392
2022-09-05 09:02:42.476530,25.43172665613831,69.54103176735401,923.4581729484452
2022-09-05 09:03:42.556553,25.431350214786544,69.51520824256713,923.4401246157084
2022-09-05 09:04:42.636698,25.6090139986244,69.1477892857327,923.4271592955632
2022-09-05 09:05:42.716561,25.629800849595355,68.25314154687496,923.4004729646208
2022-09-05 09:06:42.796579,25.534893818591318,69.23860446956382,923.4300408499234
2022-09-05 09:07:42.871459,25.679059055325506,68.40828849325321,923.4112743319889
2022-09-05 09:08:42.956724,25.688424083843266,68.70179935884363,923.3998216611574
2022-09-05 09:09:43.036595,25.784922416649156,68.50030295774992,923.4049810569013
2022-09-05 09:10:43.116604,25.763948147738216,68.47202053281646,923.4275414439577
2022-09-05 09:11:43.193041,25.615219401101108,68.82322681086178,923.4476726298675
2022-09-05 09:12:43.252590,25.586923043775148,68.75379998958499,923.4551984011492
2022-09-05 09:13:43.318767,25.602707053036692,68.71157989996394,923.4890840855925
2022-09-05 09:14:43.386599,25.798738775270504,68.1717055714503,923.4965951424813
2022-09-05 09:15:43.463478,25.68139069441615,68.56171451377669,923.529322689697
2022-09-05 09:16:43.522319,25.75716515464915,68.6519009424295,923.5142509654901
2022-09-05 09:17:43.581294,25.984288944779646,67.69659938116706,923.4867400816595
2022-09-05 09:18:43.648621,25.84066272856358,68.40753921289503,923.5037803624248
2022-09-05 09:19:43.716105,25.76088849106748,68.20808815770604,923.5030722613011
2022-09-05 09:20:43.786559,25.974271378626394,68.07565327158983,923.4851427419079
2022-09-05 09:21:43.851263,25.939004383852687,68.279494139124,923.4290184308759
2022-09-05 09:22:43.916578,25.812391054721974,68.5770467284091,923.4436796055218
2022-09-05 09:23:43.991384,25.932510121321734,68.32589814475728,923.4187592151835
2022-09-05 09:24:44.057221,25.909792599880806,68.80576848054841,923.3626265745914
2022-09-05 09:25:44.126560,26.047551390947017,68.26295731458471,923.3547892852781
2022-09-05 09:26:44.206545,26.186714352090803,67.56864963743054,923.3621827361218
2022-09-05 09:27:44.281617,26.131049149898143,67.7154775723269,923.3374509614266
2022-09-05 09:28:44.341263,25.999797026458126,68.6262412133186,923.3029910046938
2022-09-05 09:29:44.406563,26.061016260518148,68.14735274420786,923.2994056211807
2022-09-05 09:30:44.481269,26.202486163677854,67.47148512490581,923.2410049944622
2022-09-05 09:31:44.546562,26.15241248362666,67.9717060516403,923.236074762036
2022-09-05 09:32:44.621306,26.265673748001696,67.78377363198072,923.2458250778313
2022-09-05 09:33:44.688574,26.248422511556583,67.46319551328993,923.2334685018782
2022-09-05 09:34:44.756577,26.17051623387069,67.91560882097725,923.2144701582524
2022-09-05 09:35:44.832676,26.13941141708131,68.0259837842032,923.1949907977438
2022-09-05 09:36:44.896561,26.211312341553924,67.87220256556175,923.2385464827869
2022-09-05 09:37:44.976565,26.002116408975535,68.84083989269052,923.2560989742706
2022-09-05 09:38:45.056543,25.967802013833502,68.78715111990263,923.2914874640201
2022-09-05 09:39:45.131584,26.123551890775875,68.18102141599054,923.3131907967274
2022-09-05 09:40:45.196557,26.271152495873206,67.90070075313331,923.2849429052596
2022-09-05 09:41:45.276548,26.197872441397124,68.02252746848762,923.2993707111444
2022-09-05 09:42:45.352884,26.328209412650825,67.50927662951091,923.2938501548623
2022-09-05 09:43:45.411394,26.312437579512288,67.48520619944014,923.2823101254343
2022-09-05 09:44:45.476552,26.512368898906633,67.1752969125957,923.2754416399321
2022-09-05 09:45:45.557426,26.349560373780474,67.62387151790321,923.272253838015
2022-09-05 09:46:45.631269,26.10976086406704,68.16952303747941,923.2389711627114
2022-09-05 09:47:45.696550,26.324974855996572,67.60738680594585,923.2343943013635
2022-09-05 09:48:45.776547,26.421085415041162,67.44204169441889,923.2482499862335
2022-09-05 09:49:45.852833,26.190475533254617,68.28084821510019,923.2356572941459
2022-09-05 09:50:45.916593,26.050384587438515,68.7039463735515,923.2443740048157
2022-09-05 09:51:45.992149,26.223924787831216,68.23029023798561,923.2272917724836
2022-09-05 09:52:46.056556,26.532779538000558,67.39269717686048,923.2334850036744
2022-09-05 09:53:46.136563,26.31336533435024,68.1929897869667,923.2101091628888
2022-09-05 09:54:46.216551,26.491958262991897,67.43738314691385,923.2215617115415
2022-09-05 09:55:46.291301,26.60504401740768,66.49047128972343,923.1781373240816
2022-09-05 09:56:46.356555,26.645313558955316,66.58184073452647,923.1676466364828
2022-09-05 09:57:46.436556,26.4607780055347,67.3584810452881,923.1893066084965
2022-09-05 09:58:46.516555,26.41754961360259,67.09225757775393,923.1733707386305
2022-09-05 09:59:46.596551,26.305479418437006,67.69140986698443,923.1959586689935
2022-09-05 10:00:46.676749,26.33553111438217,67.41652509529871,923.1959598755255
2022-09-05 10:01:46.746542,26.306871050622505,67.41510184365174,923.1724119942561
2022-09-05 10:02:46.826594,26.331456555003232,67.8254785947033,923.1764425992627
2022-09-05 10:03:46.906554,25.939969422294446,68.41208880888047,923.1515187800175
2022-09-05 10:04:46.986601,26.15241248362666,67.98382939957462,923.1492898935206
2022-09-05 10:05:47.066604,26.263254043716604,67.41372050910684,923.1417841093908
2022-09-05 10:06:47.146578,26.252961007171965,67.3490231645974,923.1571866123919
2022-09-05 10:07:47.226546,26.11620509997379,67.57078845014871,923.148237924831
2022-09-05 10:08:47.306564,26.248710886971665,67.88743239455891,923.1606135692027
2022-09-05 10:09:47.386559,26.072161780342483,68.12025895267405,923.1751986131229
2022-09-05 10:10:47.461374,26.250741897530705,67.68982595159716,923.2001796748733
2022-09-05 10:11:47.526610,26.289231161339064,67.23405190413823,923.2226507643867
2022-09-05 10:12:47.606568,26.14452657419004,67.72937800409738,923.2192435113477
2022-09-05 10:13:47.686585,25.916324186812968,68.76611860586236,923.2134788972241
2022-09-05 10:14:47.761337,26.216866346485215,67.5219448082445,923.2119416383186
2022-09-05 10:15:47.826593,26.108795551540087,67.83703383581135,923.2052152799732
2022-09-05 10:16:47.902834,26.092095991532577,67.86290188336267,923.197798321945
2022-09-05 10:17:47.971996,26.261411073540433,67.42728571727953,923.2223961366177
2022-09-05 10:18:48.036547,26.042022286839376,67.9459754903865,923.2352020642886
2022-09-05 10:19:48.116539,26.148212584719367,67.60404523991343,923.2585856971214
2022-09-05 10:20:48.196563,26.252120994883438,67.27942145130145,923.2321342465495
2022-09-05 10:21:48.272594,25.963175729918586,68.49353732311653,923.2391097266806
2022-09-05 10:22:48.336566,26.14730983628995,67.52502755964635,923.2221810099313
2022-09-05 10:23:48.411569,26.34957299112436,67.34699749392617,923.2298286926422
2022-09-05 10:24:48.476571,26.463687010706515,67.17620397940274,923.2208723634691
2022-09-05 10:25:48.556599,26.53557547856822,66.8929117905268,923.2090849026358
2022-09-05 10:26:48.636562,26.490115403640687,67.30282117301527,923.2282316129313
2022-09-05 10:27:48.716557,26.452077393881567,67.46895104602623,923.2534580838277
2022-09-05 10:28:48.796761,26.338089210249294,68.26582781844269,923.2521551393634
2022-09-05 10:29:48.875005,26.439126834238042,67.7946117529074,923.2445169302644
2022-09-05 10:30:48.956548,26.389491831188742,67.6774099207909,923.2330039107569
2022-09-05 10:31:49.032429,26.38818808926017,67.66290198828288,923.268309156583
2022-09-05 10:32:49.096551,26.40061223279758,67.79543985459281,923.2718770128814
2022-09-05 10:33:49.176661,26.26952309014945,68.16395681498034,923.2376617692648
2022-09-05 10:34:49.256611,26.42631406128091,67.46209626905105,923.268621982184
2022-09-05 10:35:49.336579,26.22136761907521,68.37979868985161,923.271197248821
2022-09-05 10:36:49.411385,26.365169977848435,68.05756736523969,923.2271452692855
2022-09-05 10:37:49.476555,26.150482112935556,68.7097222938376,923.2670845941841
2022-09-05 10:38:49.551608,26.313679437699435,68.5378177005412,923.274970050222
2022-09-05 10:39:49.616546,26.443477581347434,67.77731576482303,923.2721309895293
2022-09-05 10:40:49.696582,26.47232603167346,67.70562516819402,923.2857146901739
2022-09-05 10:41:49.776591,26.657789832006813,67.15551093010035,923.2778208788322
2022-09-05 10:42:49.856633,26.57984527323499,67.14094481820541,923.306209284804
2022-09-05 10:43:49.936596,26.3981933211166,68.01635312274371,923.2765278590787
2022-09-05 10:44:50.016553,26.55991124980098,67.49914908270652,923.3073905678762
2022-09-05 10:45:50.096611,26.38790004254961,67.47144269021845,923.2813265568515
2022-09-05 10:46:50.176548,26.366009819413186,67.79465709826064,923.2963789888718
2022-09-05 10:47:50.256569,26.398945209609167,67.56291855297569,923.2669658012493
2022-09-05 10:48:50.336549,26.36099506843396,67.72274629729307,923.2942490607502
2022-09-05 10:49:50.417499,26.439678623758553,67.44353367032124,923.2732656523402
2022-09-05 10:50:50.486566,26.32072553340399,67.77466640791812,923.2526841470494
2022-09-05 10:51:50.566592,26.44727655669773,67.33410883056553,923.2643946329558
2022-09-05 10:52:50.646554,26.44922003265194,67.77338454312644,923.2367091148344
2022-09-05 10:53:50.722521,26.42647718514945,67.76424695867868,923.2092348102362
2022-09-05 10:54:50.786554,26.594238327179475,67.19942171132297,923.2516490302332
2022-09-05 10:55:50.862193,26.527991548763506,67.20288048650262,923.2320543950826
2022-09-05 10:56:50.921365,26.570554923451937,66.99333171907652,923.2639758096693
2022-09-05 10:57:50.995850,26.510915992226337,68.11433795692169,923.2867261214375
2022-09-05 10:58:51.106550,26.5511855211968,67.65384779384733,923.2905816859139
2022-09-05 10:59:51.186552,26.578930305075453,67.46358933769258,923.2890138678052
2022-09-05 11:00:51.266552,26.412861574151652,67.92739507667923,923.3225115777298
2022-09-05 11:01:51.341382,26.400136795428665,68.32408761259806,923.2692773006536
2022-09-05 11:02:51.406549,26.42399466684975,67.66364286443488,923.2474252004971
2022-09-05 11:03:51.482123,26.317014502806778,68.16647163142717,923.2113118215473
2022-09-05 11:04:51.546557,26.392538831748567,67.75272835835652,923.201536711767
2022-09-05 11:05:51.626559,26.477340749152965,67.79709610013009,923.2304930157692
2022-09-05 11:06:51.701307,26.52326478522661,67.52562597934809,923.1614509758691
2022-09-05 11:07:51.766541,26.46899092614148,67.57797843000864,923.1876298522138
2022-09-05 11:08:51.841585,26.387436163638746,67.8918434513863,923.2148822787755
2022-09-05 11:09:51.906571,26.57716277519597,67.57323561743023,923.1649546480928
2022-09-05 11:10:51.986560,26.566405561047752,67.69543450689059,923.181417788804
2022-09-05 11:11:52.066547,26.50952435372023,67.68223081366057,923.1828271258896
2022-09-05 11:12:52.141908,26.500083605542734,67.7418075107804,923.204200172974
2022-09-05 11:13:52.202808,26.482531374703072,67.61697657438005,923.2028274700128
2022-09-05 11:14:52.272214,26.401352531678995,67.97949192688915,923.2448884483248
2022-09-05 11:15:52.346552,26.332711193582675,68.14853175730072,923.2134140588709
2022-09-05 11:16:52.423044,26.445884919339484,67.46977851595098,923.2237633835175
2022-09-05 11:17:52.486612,26.526687896328454,67.60470871560747,923.2332890243467
2022-09-05 11:18:52.567023,26.552113280179523,67.93767583088973,923.208116692047
2022-09-05 11:19:52.645600,26.613721266989153,67.61979512566262,923.2405706670562
2022-09-05 11:20:52.716556,26.530411761337902,68.03178244777098,923.238982255062
2022-09-05 11:21:52.792608,26.711687922935138,67.42925778964194,923.2350909348563
2022-09-05 11:22:52.856563,26.573539740297697,67.67167563218621,923.2537625951038
2022-09-05 11:23:52.936563,26.49914306730244,67.90893795484118,923.2347646113601
2022-09-05 11:24:53.012834,26.450248580063313,68.16370101075745,923.248987496809
2022-09-05 11:25:53.076556,26.777546018430357,67.18761493219324,923.2483023886758
2022-09-05 11:26:53.155274,26.680144082794506,67.28023015359355,923.268241509519
2022-09-05 11:27:53.236597,26.76048340330091,67.03571793364979,923.2584950545871
2022-09-05 11:28:53.312766,26.661676917914114,67.69893815708878,923.2735028184477
2022-09-05 11:29:53.376558,26.519366664036585,68.06260621872605,923.2452617621102
2022-09-05 11:30:53.457817,26.69507628492061,67.62895005750501,923.2934055506454
2022-09-05 11:31:53.541313,26.68263957517893,67.60726583752367,923.3186530334555
2022-09-05 11:32:53.616177,26.689133899116186,67.58505282456352,923.4004512343282
2022-09-05 11:33:53.700523,26.79285406269839,67.18255802190518,923.4484042317869
2022-09-05 11:34:53.761297,26.5590586724232,67.49641953002205,923.5423242731026
2022-09-05 11:35:53.822309,26.694060481920527,67.52576512316226,923.6780649728441
2022-09-05 11:36:53.886556,26.611126864839513,67.38741048389625,923.9032294592719
2022-09-05 11:37:53.961385,26.51277151025747,67.89941931046464,923.8997910284971
2022-09-05 11:38:54.021818,26.42843343393388,67.84631656705608,923.9768799993399
2022-09-05 11:39:54.086573,26.335657592808147,68.52147775674881,924.0662317163661
2022-09-05 11:40:54.166570,26.729051293110196,67.05167058249786,923.9864187663507
2022-09-05 11:41:54.246562,26.41396521165133,67.9517317246035,924.1088007198956
2022-09-05 11:42:54.326590,26.374071609852965,68.19331326103013,924.0888102617065
2022-09-05 11:43:54.383570,26.41509305070832,67.76680530093043,924.1956402894025
2022-09-05 11:44:54.446547,26.348094387304123,68.28212025689568,924.1115507987743
2022-09-05 11:45:54.528852,26.46721059751219,68.26118190036001,924.129885211038
2022-09-05 11:46:54.596562,26.409702353212552,67.82123782645809,924.0931249375935
2022-09-05 11:47:54.671803,26.372027536249377,68.17069688816716,923.9943574495799
2022-09-05 11:48:54.731276,26.091206233784078,69.04410254030256,924.1231926150047
2022-09-05 11:49:54.796550,26.38002685044698,68.56667820393825,924.0414834698588
2022-09-05 11:50:54.871805,26.352632533704615,68.16827717145205,924.0344290715944
2022-09-05 11:51:54.936610,26.368793091503896,68.14357205827159,923.9910767595277
2022-09-05 11:52:55.016553,26.301618593381985,68.83555759190364,923.9943156344146
2022-09-05 11:53:55.093703,26.317315272930543,68.92683757113116,924.084973984692
2022-09-05 11:54:55.156596,26.51250761250638,67.84032471981588,923.9886291195664
2022-09-05 11:55:55.236569,26.45043576579862,68.42129239683041,923.9155308922767
2022-09-05 11:56:55.311298,26.480036083860526,68.10298314400907,923.9356146996173
2022-09-05 11:57:55.376565,26.362850583712863,68.52070142896763,923.9261700924457
2022-09-05 11:58:55.451533,26.50943637377273,68.0789698901051,923.9668513162088
2022-09-05 11:59:55.516554,26.41350133249086,68.2315773025165,923.8665142607241
2022-09-05 12:00:55.596548,26.31618743387355,68.88357205799852,923.916384884559
2022-09-05 12:01:55.676707,26.474733395870835,68.377120941514,923.8647445574794
2022-09-05 12:02:55.764643,26.288805818001048,68.7448133662062,923.8876148217204
2022-09-05 12:03:55.826555,26.56594168166231,67.79788320775573,923.8450552878139
2022-09-05 12:04:55.902472,26.442261843545275,68.3629780777268,923.8491973327602
2022-09-05 12:05:55.966988,26.646192839775818,67.95038209443005,923.8446196687856
2022-09-05 12:06:56.056559,26.703701090194077,67.44288720135717,923.8439174268227
2022-09-05 12:07:56.136597,26.633756096381695,68.0259069892159,923.8613752519252
2022-09-05 12:08:56.218413,26.61511290565783,68.50596411980794,923.9242103854704
2022-09-05 12:09:56.286562,26.579658195762903,68.20635961709945,923.8878807414694
2022-09-05 12:10:56.366540,26.550721641707902,68.31895188286525,923.8817600179771
2022-09-05 12:11:56.447151,26.52148445217831,69.02651323279045,923.8245010626622
2022-09-05 12:12:56.516557,26.458033739384128,69.04389346423129,923.8351954962361
2022-09-05 12:13:56.594776,26.587456132822304,68.80094838447233,923.8389793596606
2022-09-05 12:14:56.671403,26.68329038571001,68.69534909189264,923.8700571931132
2022-09-05 12:15:56.736566,26.48447486313757,68.84139183331355,923.7234687552707
2022-09-05 12:16:56.816542,26.42222708651049,68.89855982377709,923.7298370933554
2022-09-05 12:17:56.891267,26.560463111319617,68.53997477145634,923.6801295575194
2022-09-05 12:18:56.956748,26.558783601692397,68.6126567711379,923.7006424253555
2022-09-05 12:19:57.039177,26.50952435372023,68.61071091024922,923.7175522015731
2022-09-05 12:20:57.106605,26.502942063146687,68.55245731137964,923.6790215373483
2022-09-05 12:21:57.186542,26.477905371323693,68.72479086069606,923.6816410632658
2022-09-05 12:22:57.266554,26.68940882864566,68.25935726309268,923.6832938825879
2022-09-05 12:23:57.346551,26.481240515758046,69.13272729502326,923.7045879470393
2022-09-05 12:24:57.426553,26.4625845686139,69.0859033148068,923.7471074643628
2022-09-05 12:25:57.501291,26.48335842578949,68.98310793841611,923.7186083500455
2022-09-05 12:26:57.561609,26.46388825678527,68.76669208984679,923.7356242901126
2022-09-05 12:27:57.623827,26.411933816469507,68.96845368559852,923.7744266584285
2022-09-05 12:28:57.686557,26.31272630200489,68.73357010656261,923.7844633667296
2022-09-05 12:29:57.753815,26.272682369256543,69.12159869234566,923.8528785055381
2022-09-05 12:30:57.816548,26.30235791707924,68.6268911402243,923.8517302947907
2022-09-05 12:31:57.896768,26.147435318044316,69.23270523551449,923.8295679359745
2022-09-05 12:32:57.976548,26.243082027705423,68.90457399054458,923.8328035399614
2022-09-05 12:33:58.056550,26.277960786599024,69.40596057223752,923.8144104598346
2022-09-05 12:34:58.137174,26.535400828790543,68.34012780093822,923.7915126218535
2022-09-05 12:35:58.206271,26.544691208501657,67.92988671616578,923.7333041433899
2022-09-05 12:36:58.286617,26.239633968686544,68.60264577411056,923.7248120558459
2022-09-05 12:37:58.366554,25.91074520754092,69.6086016966353,923.7246462570675
2022-09-05 12:38:58.446568,25.985993431101512,69.71462352277871,923.7440260545975
2022-09-05 12:39:58.536549,25.631479603586154,70.75894379912648,923.7509755612726
2022-09-05 12:40:58.606553,25.86712841479677,69.37686086974986,923.7362373869761
2022-09-05 12:41:58.686533,25.924172756420443,69.75252901185785,923.7146393095295
2022-09-05 12:42:58.751845,25.893833204321602,69.45359014611907,923.6973769462387
2022-09-05 12:43:58.822497,25.739389117141798,69.45288955559474,923.7636967403236
2022-09-05 12:44:58.892713,25.330418947307365,70.2489797392004,923.7250920197715
2022-09-05 12:45:58.961258,25.194528372320946,70.39680185060882,923.7502625944207
2022-09-05 12:46:59.026559,25.391828498252693,69.23922478658646,923.7197649401065
2022-09-05 12:47:59.096548,25.378951012135754,70.29446572392635,923.7384940959819
2022-09-05 12:48:59.164793,25.553466069865607,69.75468984354643,923.752759277093
2022-09-05 12:49:59.236561,25.476276814772934,70.50323221251662,923.8181797097554
2022-09-05 12:50:59.316544,25.772941141378993,69.12763599305968,923.810193135239
2022-09-05 12:51:59.381497,25.56052350398008,70.06896384913189,923.8057803907323
2022-09-05 12:52:59.456567,25.481665150934795,70.91521203828009,923.7717179243834
2022-09-05 12:53:59.537535,25.704775938548366,70.2206592796832,923.7559962508323
2022-09-05 12:54:59.616557,25.60104640271004,69.67933180584872,923.7662708852037
2022-09-05 12:55:59.682277,25.401958320929495,70.00198060300724,923.8078146308096
2022-09-05 12:56:59.746550,25.281149506476172,70.30754666601938,923.8397409849063
2022-09-05 12:57:59.826546,25.215755525311106,70.67518889959437,923.8796461130355
2022-09-05 12:58:59.892656,25.27475436564778,71.18663910188423,923.817444332633
2022-09-05 12:59:59.966549,24.803096760534842,73.50639362297966,923.9061734637934
2022-09-05 13:01:00.046553,25.825030887380976,70.26941968350998,923.9217816125046
2022-09-05 13:02:00.126546,26.029291218031247,67.56660323038213,923.8401091326315
2022-09-05 13:03:00.208525,25.31613041392091,70.22888103181626,923.81863656761
2022-09-05 13:04:00.276532,24.851245979062142,71.52783632620063,923.8640598315096
2022-09-05 13:05:00.353531,25.00663657801653,69.5367490631822,923.8549285936986
2022-09-05 13:06:00.426578,24.379695856283305,72.67200108703568,923.8587355888005
2022-09-05 13:07:00.503377,24.316391699357503,72.02696182186304,923.8127962330873
2022-09-05 13:08:00.566544,24.541400477590287,71.67183636707409,923.7724821851325
2022-09-05 13:09:00.642379,24.477270085540596,72.8150724015331,923.8045115962207
2022-09-05 13:10:00.706547,24.34397813215139,72.64331540216047,923.8362063135538
2022-09-05 13:11:00.786571,24.38413097866178,72.27235905239375,923.8201319589529
2022-09-05 13:12:00.861489,24.455551368168365,71.2269485462633,923.8481559234049
2022-09-05 13:13:00.926541,24.05991889870215,72.47618783534446,923.8875231491548
2022-09-05 13:14:01.011983,24.038989479518257,72.8176322047469,923.8791988121123
2022-09-05 13:15:01.076674,23.81291499213772,73.75641599017868,923.8801371437353
2022-09-05 13:16:01.156546,23.86318508630069,73.76479236347177,923.8495527138974
2022-09-05 13:17:01.232416,24.239940551991864,72.79670966767354,923.855222098768
2022-09-05 13:18:01.296612,24.262767782517642,72.90150860027998,923.8336495495814
2022-09-05 13:19:01.376559,24.530233784704283,72.73352173099177,923.9017549850498
2022-09-05 13:20:01.453310,24.445798966660927,72.62236660490522,923.8792105219856
2022-09-05 13:21:01.519001,24.742428584032652,72.12862916328245,923.8705387202895
2022-09-05 13:22:01.582621,24.5447003448259,72.00838108287364,923.865727195749
2022-09-05 13:23:01.646574,24.35342897476113,73.12313540320837,923.8232165804632
2022-09-05 13:24:01.726559,24.26836791708337,72.86270710066964,923.7867283368344
2022-09-05 13:25:01.806545,23.6428719057444,75.02198777273975,923.7309244374414
2022-09-05 13:26:01.881886,23.65604392114697,75.00717395561948,923.7242453318462
2022-09-05 13:27:01.946593,24.528951500965988,71.80389339662129,923.6650906077203
2022-09-05 13:28:02.026556,24.51058172049753,72.72518181024446,923.7096031945102
2022-09-05 13:29:02.106557,24.181395849582152,72.7944671008589,923.7050258728948
2022-09-05 13:30:02.181925,23.995226449997144,74.06436323345682,923.6510844356229
2022-09-05 13:31:02.241273,24.051742573149223,74.07995770887653,923.677906025183
2022-09-05 13:32:02.306540,24.519674169217986,71.7043694907607,923.6552755287652
2022-09-05 13:33:02.386547,24.18882879944616,72.80108833180338,923.6693129214518
2022-09-05 13:34:02.466562,24.262583333705603,72.78810417608383,923.6575063175928
2022-09-05 13:35:02.541466,23.723239727033917,74.70042405035346,923.6172000802602
2022-09-05 13:36:02.606550,24.532006412612066,72.91073723794722,923.5638157720828
2022-09-05 13:37:02.689227,24.508262385306686,73.24685365551832,923.5324086316839
2022-09-05 13:38:02.756557,24.34841321697569,74.20631047471609,923.4934063562937
2022-09-05 13:39:02.836550,24.301087456121863,73.74512898764989,923.4361335853177
2022-09-05 13:40:02.917477,24.470149876530648,73.28404653255804,923.4205175335227
2022-09-05 13:41:02.986582,24.658566838164834,72.33772027819653,923.4084364073012
2022-09-05 13:42:03.061719,24.88000584482653,71.97202026750907,923.4141015184723
2022-09-05 13:43:03.127898,25.079005734113696,71.31567981889852,923.4360454493872
2022-09-05 13:44:03.137835,25.303796763681394,70.30238999185008,923.4214554490313
2022-09-05 13:45:03.206555,24.896705124618723,71.71110585302364,923.4028997601289
2022-09-05 13:46:03.281275,24.818862122718112,71.81079483103458,923.3743799688486
2022-09-05 13:47:03.341478,25.08799335852561,71.24230696779365,923.3204756180497
2022-09-05 13:48:03.426543,24.945307266399677,72.24876189752683,923.27583781782
2022-09-05 13:49:03.507006,25.061726921712236,72.00453565827823,923.2440242547117
2022-09-05 13:50:03.603161,24.53964209666464,74.16054945786328,923.24630887405
2022-09-05 13:51:03.674153,25.29195336610692,71.84535042704115,923.2299941527311
2022-09-05 13:52:03.736555,25.01656040714414,73.15736010095594,923.1976994919573
2022-09-05 13:53:03.816544,25.439787393616157,72.26743965248673,923.1457655535255
2022-09-05 13:54:03.892037,25.73945032861582,71.18166146315103,923.1663004075748
2022-09-05 13:55:03.951272,25.652805552338076,71.48559588954917,923.1338371574643
2022-09-05 13:56:04.016594,25.881308568256607,70.56860126841497,923.1432870515575
2022-09-05 13:57:04.096615,25.210169973723524,72.41172025438374,923.1497665755563
2022-09-05 13:58:04.172735,25.463270067370843,71.63521120651771,923.1430002027606
2022-09-05 13:59:04.236561,25.350925277972816,72.02231957289115,923.1559052723665
2022-09-05 14:00:04.316729,25.27195252806314,72.40952143579145,923.1395659163353
2022-09-05 14:01:04.393024,25.37449299727088,71.75441636468216,923.1377702922415
2022-09-05 14:02:04.456548,25.502497882820244,71.3838080541862,923.1347965557793
2022-09-05 14:03:04.539476,25.957107959602585,70.64022786817871,923.1284790149682
2022-09-05 14:04:04.617364,25.94643880836951,70.51139496435019,923.1393333447185
2022-09-05 14:05:04.683256,25.496491991220466,71.85080361637462,923.1203485663743
2022-09-05 14:06:04.742304,25.731664340042247,71.31574434270675,923.0980345258359
2022-09-05 14:07:04.806594,25.628596502600626,71.5371695548807,923.1089750312509
2022-09-05 14:08:04.886540,25.381451111742138,72.28860251531768,923.0924093750474
2022-09-05 14:09:04.964155,25.569771938930966,71.9712606765218,923.0937936133589
2022-09-05 14:10:05.028478,25.670420509209595,71.20148057202285,923.0927282127361
2022-09-05 14:11:05.091289,25.79941492533105,70.97967950037814,923.0729209389149
2022-09-05 14:12:05.156550,25.944583303895914,70.9020269737603,923.043809837793
2022-09-05 14:13:05.236596,25.89314283474511,70.79153373148982,923.0530370385288
2022-09-05 14:14:05.316552,26.10048331907032,70.14140413919162,923.0300736885871
2022-09-05 14:15:05.396546,26.331005265592083,69.70749530855718,923.0428160429907
2022-09-05 14:16:05.471277,26.1265356667196,70.53057405183031,923.0236586817497
2022-09-05 14:17:05.536585,26.063097393536868,70.75107037749925,923.0385784356497
2022-09-05 14:18:05.606588,26.126084355592745,70.55229893449328,923.0308030358643
2022-09-05 14:19:05.682110,26.039239025842985,70.48209098034576,923.0061667052676
2022-09-05 14:20:05.746551,25.727765904903304,70.35526106740971,923.0112974421933
2022-09-05 14:21:05.826550,25.568105576904834,71.09234095844677,922.9753715114812
2022-09-05 14:22:05.905066,25.643340710474952,71.06925381244014,922.9839078401945
2022-09-05 14:23:05.968378,25.723678578109926,70.92933747000912,922.9642843019194
2022-09-05 14:24:06.031483,25.49536481410085,71.71959117125675,922.9518093426942
2022-09-05 14:25:06.116540,25.525166862610657,71.07731282944427,922.9672760844524
2022-09-05 14:26:06.196544,25.761655075764583,70.24404668598096,922.9898322030099
2022-09-05 14:27:06.271661,25.38600488724544,71.21357489365104,922.986905924113
2022-09-05 14:28:06.336570,25.492695721806186,70.35647675427667,922.9601883543347
2022-09-05 14:29:06.412079,25.497596729398772,70.2230055111155,922.9287997642947
2022-09-05 14:30:06.472093,25.65818469676297,70.89948100198521,922.9235498752464
2022-09-05 14:31:06.536634,25.63841314117114,70.78496671894369,922.9024909209835
2022-09-05 14:32:06.616551,25.28469088127782,72.27657721821453,922.9138623854759
2022-09-05 14:33:06.696555,25.359476781161277,72.07869412553357,922.9187609995543
2022-09-05 14:34:06.771976,25.620637401719346,70.88095570443123,922.9037727293912
2022-09-05 14:35:06.836528,25.470954430048057,71.9208920456102,922.9093673934
2022-09-05 14:36:06.916622,25.640671414405098,70.67829869939689,922.9090291042801
2022-09-05 14:37:06.995211,25.460749196953365,72.16043575188993,922.9155964562655
2022-09-05 14:38:07.075483,25.18659982355171,73.40035894927453,922.9134582457331
2022-09-05 14:39:07.117690,25.686656133667082,71.68467860877007,922.9057948627546
2022-09-05 14:40:07.186729,25.741857271869485,71.15939689258931,922.9147380598314
2022-09-05 14:41:07.266542,26.326629697096077,70.65406450695191,922.9089638872565
2022-09-05 14:42:07.343772,25.62729242530043,72.53539292083404,922.9232383245711
2022-09-05 14:43:07.409698,25.864320384179045,71.88243172758361,922.9334331227577
2022-09-05 14:44:07.476544,25.49939168288641,71.9208921827989,922.9267541127784
2022-09-05 14:45:07.556543,24.735251935438516,74.86689488505489,922.9351572103911
2022-09-05 14:46:07.636545,24.494241385816437,75.48390981841551,922.9542079807879
2022-09-05 14:47:07.716541,25.13409479607299,73.68815519545281,922.9232662886569
2022-09-05 14:48:07.796558,25.212953212767744,73.18719170072703,922.8943572932232
2022-09-05 14:49:07.876606,25.480144436262336,72.44858117102915,922.909461722013
2022-09-05 14:50:07.951339,25.456863275982457,72.37317098330468,922.8890627425856
2022-09-05 14:51:08.011270,25.37159793600894,72.77324048608551,922.8935680949122
2022-09-05 14:52:08.076524,25.482551286802238,72.51990222560634,922.8706023958564
2022-09-05 14:53:08.151282,25.317526412161566,72.02232440173259,922.8775888195433
2022-09-05 14:54:08.217090,25.453528718973928,72.26549848597556,922.8760227850017
2022-09-05 14:55:08.281438,25.447410938135636,71.79629151835293,922.8804397876146
2022-09-05 14:56:08.342196,25.873597897351033,71.11766835818186,922.8666817700891
2022-09-05 14:57:08.408139,24.430429981459337,74.41098722936766,922.9203529742953
2022-09-05 14:58:08.476545,24.612615524845946,74.61743381444487,922.9134476190428
2022-09-05 14:59:08.556709,25.14812554253472,72.51669371374152,922.8659172763324
2022-09-05 15:00:08.638488,25.455396369465117,72.1340651074277,922.8798975922228
2022-09-05 15:01:08.706588,25.81181485527354,71.31969755685893,922.8726819558756
2022-09-05 15:02:08.782774,25.039088215305632,73.94819184551463,922.8800745339804
2022-09-05 15:03:08.846582,25.4806957896526,72.48043156686954,922.8856460562488
2022-09-05 15:04:08.926555,25.43569999181789,72.5740490353185,922.8742048723443
2022-09-05 15:05:09.007028,25.35081105446948,72.66270289963163,922.8760439110987
2022-09-05 15:06:09.089825,26.215963653468275,70.38199178252931,922.853880632712
2022-09-05 15:07:09.166552,25.846705480161546,71.79175289561056,922.8197411409205
2022-09-05 15:08:09.246561,26.289281489079784,70.38889375395264,922.8224920732922
2022-09-05 15:09:09.326537,25.631367488219595,71.5377760661042,922.8634476280074
2022-09-05 15:10:09.401272,25.932510121321734,70.91168083703381,922.8097785012127
2022-09-05 15:11:09.466554,26.050347100824755,70.0661816086971,922.8219667962544
2022-09-05 15:12:09.542340,26.10613762541164,70.19990521202965,922.8053836599648
2022-09-05 15:13:09.606560,25.892190153937367,70.50347688034414,922.7931599766927
2022-09-05 15:14:09.681468,26.29486066251392,68.9581005085326,922.7859060897846
2022-09-05 15:15:09.764647,26.609357632211182,67.80815066672672,922.7889463928159
2022-09-05 15:16:09.826539,26.44440533925291,69.0880143297892,922.7700847016146
2022-09-05 15:17:09.901307,26.614886004655347,67.70216206348812,922.8065092540883
2022-09-05 15:18:09.967753,26.34493421194248,69.08829501776573,922.818130175764
2022-09-05 15:19:10.036587,26.406153469982726,68.87004530145317,922.8128313186583
2022-09-05 15:20:10.116799,26.252622540372176,69.44324368331407,922.8126663427074
2022-09-05 15:21:10.196538,25.70201338142025,71.47239942383732,922.7916679342665
2022-09-05 15:22:10.273136,25.978019786674253,70.47624458005926,922.7528255127037
2022-09-05 15:23:10.346560,26.1074289372729,69.9223112419839,922.7514027400575
2022-09-05 15:24:10.426573,26.218308189329903,69.69867296510769,922.7203991601107
2022-09-05 15:25:10.506552,26.208178095927735,69.28969120085357,922.7066576177826
2022-09-05 15:26:10.586550,26.364028415248278,68.19142017712426,922.6830427627967
2022-09-05 15:27:10.666550,24.989477905719994,71.89559201017842,922.6649983956555
2022-09-05 15:28:10.746545,25.97058527331255,69.42512874462695,922.6070522052136
2022-09-05 15:29:10.826563,26.249387995600472,68.63318290217438,922.5866174580894
2022-09-05 15:30:10.901890,26.155409069355397,69.2926457953925,922.6041152925691
2022-09-05 15:31:10.966581,25.691795742438803,70.27439374746055,922.631061726456
2022-09-05 15:32:11.047098,26.013750829187565,69.92657518823827,922.6017428206036
2022-09-05 15:33:11.116729,26.177010516127066,69.50568294903327,922.6461169783819
2022-09-05 15:34:11.198682,26.45071109832974,68.58730610959242,922.5824986189851
2022-09-05 15:35:11.266576,25.077625890217412,72.17951314701236,922.6460752168766
2022-09-05 15:36:11.346553,25.739574937727077,70.27921446730593,922.5300842520363
2022-09-05 15:37:11.419599,25.900991369342094,69.74846752282808,922.5556428925785
2022-09-05 15:38:11.481884,25.465038133725376,70.2390793844045,922.5828740935772
2022-09-05 15:39:11.544246,25.353997653816744,70.28502362225653,922.5605228495488
2022-09-05 15:40:11.606545,25.732894879922842,69.62744432668185,922.5973449696446
2022-09-05 15:41:11.686551,25.487330987150077,69.59417023487651,922.6149067053439
2022-09-05 15:42:11.766569,25.337864746968847,69.47522934626949,922.6036967539046
2022-09-05 15:43:11.841770,25.15043688531968,69.87357753423056,922.5802792363035
2022-09-05 15:44:11.906540,24.83269736288458,71.54582165363244,922.6729727440896
2022-09-05 15:45:11.986625,25.244967566311246,70.21595691734562,922.6108205995264
2022-09-05 15:46:12.066600,25.2644383236691,69.83972764727878,922.5869529356926
2022-09-05 15:47:12.136545,25.10556415350874,71.01792033933847,922.5788982059197
2022-09-05 15:48:12.216547,25.231824547015428,70.6683751790731,922.5229577996444
2022-09-05 15:49:12.296556,25.259918819372828,70.99505600438613,922.5302261583086
2022-09-05 15:50:12.371832,25.185409985465228,71.30242155071528,922.4825256530956
2022-09-05 15:51:12.436548,25.89699274182321,69.19228496982544,922.3969150059175
2022-09-05 15:52:12.513008,25.889658325500257,69.52058834278517,922.3731316146005
2022-09-05 15:53:12.582165,26.145893201504048,69.504095106642,922.3798952660036
2022-09-05 15:54:12.646591,26.019743717449483,69.89189032499544,922.3440369795514
2022-09-05 15:55:12.726116,26.03554052248527,70.33884156392648,922.4000135699575
2022-09-05 15:56:12.806551,26.2976060774741,68.97093634378676,922.4095257462386
2022-09-05 15:57:12.886553,26.22154274598416,69.44283686726514,922.396962840663
2022-09-05 15:58:12.966554,26.248648566723944,69.36085708846547,922.3917326337926
2022-09-05 15:59:13.046547,26.512858122950906,68.71112331675916,922.3821625368136
2022-09-05 16:00:13.126547,26.377894870569,69.62992262003311,922.3712935761799
2022-09-05 16:01:13.201373,26.348294535901744,69.36100217218868,922.3725991213172
2022-09-05 16:02:13.266538,26.40116399077909,69.70864212900216,922.4545478379079
2022-09-05 16:03:13.346547,26.147786715711604,70.54103471540394,922.4549055844967
2022-09-05 16:04:13.422224,26.45693007161975,69.72147449078199,922.4648964740976
2022-09-05 16:05:13.483096,26.23296457764227,69.74065924469072,922.4663139000003
2022-09-05 16:06:13.546595,26.400336845996907,69.22512068832027,922.4495033434013
2022-09-05 16:07:13.612155,26.547461689716634,68.86968754822503,922.3687657375426
2022-09-05 16:08:13.676557,26.379926180457907,69.29309374757113,922.3292412126259
2022-09-05 16:09:13.751314,26.334641899079557,70.19550016727436,922.3122095290679
2022-09-05 16:10:13.816552,26.355428522754906,69.88859820544636,922.292380878342
2022-09-05 16:11:13.891943,26.412861574151652,70.12925370745563,922.2822356002742
2022-09-05 16:12:13.956544,26.369332164298008,69.484972017961,922.2661429542427
2022-09-05 16:13:14.036554,26.550432287197072,68.56431578929903,922.2279290694846
2022-09-05 16:14:14.112132,26.72797177343167,67.85038586442406,922.1774402433174
2022-09-05 16:15:14.181751,26.646429745636805,68.77484816094619,922.2098740388544
2022-09-05 16:16:14.246544,26.683063450445843,68.52804444210838,922.202487293125
2022-09-05 16:17:14.321771,26.451588263153717,68.88600153478315,922.1355313865566
2022-09-05 16:18:14.386662,26.454659801734508,68.86511118481651,922.1573943351858
2022-09-05 16:19:14.470870,26.454572021681813,68.691237196554,922.17220189742
2022-09-05 16:20:14.536542,26.274387093495648,69.69920598965855,922.1138136101455
2022-09-05 16:21:14.616563,26.38980475251693,69.19765125586312,922.0729125679917
2022-09-05 16:22:14.687529,26.357070101543297,69.02997057049838,922.0738635861828
2022-09-05 16:23:14.753040,26.355678471279106,69.08849851124214,922.1295028612633
2022-09-05 16:24:14.813581,26.143310750110615,69.82265172435578,922.127692828277
2022-09-05 16:25:14.876541,26.150732768845785,69.50843562792251,922.1474267358514
2022-09-05 16:26:14.951291,26.1549953327826,69.55427747473989,922.2021864659254
2022-09-05 16:27:15.016545,26.107216076772797,70.00100127946114,922.1605255661162
2022-09-05 16:28:15.091702,26.21289219225636,69.73754623452267,922.1690110762854
2022-09-05 16:29:15.151278,26.102752681182324,69.76041643772973,922.1183313508798
2022-09-05 16:30:15.211305,26.02752947155128,70.20226639854761,922.1079379323921
2022-09-05 16:31:15.276603,26.11017470517235,70.2152437177659,922.1840022905756
2022-09-05 16:32:15.356566,26.28006658247468,69.11869121877893,922.197804965837
2022-09-05 16:33:15.436549,26.029924093081313,70.25868703524807,922.1623339668268
2022-09-05 16:34:15.516546,25.972077122276946,70.68121975011279,922.0889893713633
2022-09-05 16:35:15.596583,26.23035641827075,70.13214040454324,922.1254484005731
2022-09-05 16:36:15.673841,26.270337706818513,69.92285013990244,922.0425408630867
2022-09-05 16:37:15.741571,26.46833848149822,70.0211512143203,922.0614243488099
2022-09-05 16:38:15.806537,26.30848887610752,70.43829212239986,922.1007281961442
2022-09-05 16:39:15.886559,26.42561111334525,69.52925994306192,922.1155294220292
2022-09-05 16:40:15.963111,25.727865755784777,71.7469329503707,922.1117336497099
2022-09-05 16:41:16.026548,26.08605312874181,70.59582946552368,922.1160366691413
2022-09-05 16:42:16.111527,25.38877343021321,73.08292595027417,922.1315756503676
2022-09-05 16:43:16.206564,26.358724974082335,70.55220698044742,922.1133258872504
2022-09-05 16:44:16.281581,26.423316954808854,70.67083095846303,922.0992732515609
2022-09-05 16:45:16.346538,24.77839200554369,75.39403433087423,922.0679640664495
2022-09-05 16:46:16.422114,25.708922136194207,72.52753578719734,922.0109572438138
2022-09-05 16:47:16.486563,25.984012779612943,71.84578409254861,921.9473012051186
2022-09-05 16:48:16.565520,25.684336758621424,72.51101696603641,921.9187110720205
2022-09-05 16:49:16.642366,25.863392632897973,72.34416404533191,921.930619031097
2022-09-05 16:50:16.706545,25.682420072634706,72.1104578934437,921.8806036714533
2022-09-05 16:51:16.782932,25.630452001970443,72.36424999249492,921.9031114365295
2022-09-05 16:52:16.841300,25.597604429182628,72.87759093172765,921.9005010043296
2022-09-05 16:53:16.906594,25.98863911525537,71.50901875148263,921.9367833037667
2022-09-05 16:54:16.981335,25.946715014238375,72.29180774417583,921.9587679902703
2022-09-05 16:55:17.046539,25.727617365305893,71.4495857725056,921.9199994496755
2022-09-05 16:56:17.126838,25.116292961442852,73.84391561005316,921.8880029451283
2022-09-05 16:57:17.196872,25.621538608663066,72.65129061756068,921.893102255751
2022-09-05 16:58:17.281384,25.265458298591813,73.90059237901977,921.8884411299357
2022-09-05 16:59:17.346933,25.871654782504116,72.48027800967861,921.8346456378881
2022-09-05 17:00:17.426555,25.76274399293992,73.05240029637233,921.7667831378026
2022-09-05 17:01:17.506557,26.281169762499538,71.4993188640254,921.7732879135095
2022-09-05 17:02:17.582332,26.476925919658324,70.08660906283177,921.7843358030448
2022-09-05 17:03:17.646588,25.622956770130745,72.48971784405606,921.7809751588129
2022-09-05 17:04:17.722098,25.821932532090393,72.78068448916899,921.8323148202369
2022-09-05 17:05:17.793172,25.980753222094034,72.40037054840528,921.8519206002187
2022-09-05 17:06:17.856590,25.696861384355696,73.28403454014241,921.8860011403634
2022-09-05 17:07:17.940189,25.6565042612757,73.66068236522672,921.851954034
2022-09-05 17:08:18.026551,25.5962005373071,74.0740322086876,921.8801962757794
2022-09-05 17:09:18.106605,25.373553050409054,75.09102784451852,921.8801865244357
2022-09-05 17:10:18.186552,26.092835915753394,71.9218217931587,921.9251511905142
2022-09-05 17:11:18.266549,26.544501628971744,71.8066253687988,921.9644838672315
2022-09-05 17:12:18.346554,26.40316941852678,72.12399044633015,921.9278388800741
2022-09-05 17:13:18.413896,26.754625751937017,71.17098223079991,921.9152386541987
2022-09-05 17:14:18.472286,26.260295308019415,72.23958644000359,921.9320932560179
2022-09-05 17:15:18.531943,25.797749785282104,72.82028245398493,921.9116060425004
2022-09-05 17:16:18.596544,25.866315687633758,72.21365029693936,921.991472515828
2022-09-05 17:17:18.676543,25.67908549820468,72.85792620698919,921.9302620386043
2022-09-05 17:18:18.751272,25.670560907435046,72.94889582615424,921.9363176196632
2022-09-05 17:19:18.816968,25.41995500407903,73.69278380339212,921.9342930484942
2022-09-05 17:20:18.881919,25.54415908112641,73.51367062145928,921.9365839240902
2022-09-05 17:21:18.946551,25.113509726339778,75.15457770969527,921.9206454105162
2022-09-05 17:22:19.024181,25.621827504108772,73.74587428807428,921.9198980522037
2022-09-05 17:23:19.086724,25.694830795111486,73.58758595899049,921.8987136292855
2022-09-05 17:24:19.166544,24.93593393850959,76.48101303889538,921.9229303670606
2022-09-05 17:25:19.241731,25.435148653878557,74.53094044400581,921.9372331705897
2022-09-05 17:26:19.301439,25.592501805527267,74.3730729930516,921.9835463399489
2022-09-05 17:27:19.369220,25.598996053850396,74.6976749062652,921.9776304309328
2022-09-05 17:28:19.436554,25.76505103435477,73.65219420448977,921.9578970764343
2022-09-05 17:29:19.513479,25.38236665848456,74.93241733778213,921.9506844303181
2022-09-05 17:30:19.579285,25.6089265059599,73.78051283453561,921.9400502452684
2022-09-05 17:31:19.641293,25.759046812275315,73.04833375717116,921.9672163820214
2022-09-05 17:32:19.701580,26.295023815315623,71.48158625493033,921.9427834101002
2022-09-05 17:33:19.766588,26.351704357880504,71.22892361500013,921.9201024163523
2022-09-05 17:34:19.846559,25.15221310134323,74.64558617607014,921.914274761171
2022-09-05 17:35:19.921260,25.432103112310426,74.16488441344084,921.9038962086644
2022-09-05 17:36:19.981745,25.464022973318922,74.49227176031505,921.9246819660494
2022-09-05 17:37:20.046553,25.91630035631129,73.09484401107305,921.9646943644225
2022-09-05 17:38:20.122044,25.486201494610874,74.03876762810455,921.9742602230759
2022-09-05 17:39:20.186589,25.401951339400078,74.47107449975863,921.9893768843222
2022-09-05 17:40:20.261600,25.81305763305456,72.75165783028406,921.9821775684073
2022-09-05 17:41:20.336556,25.45057064429521,73.92958862838859,921.9886812729554
2022-09-05 17:42:20.416540,25.645888212613144,73.24392690584263,921.973900407746
2022-09-05 17:43:20.491257,25.395746220710347,74.32877507825776,921.9689540586063
2022-09-05 17:44:20.551342,25.36130529049801,74.53918343207194,921.9467736284017
2022-09-05 17:45:20.616542,25.50891684874861,73.89754651994112,921.9675634224092
2022-09-05 17:46:20.691777,25.415289531914635,74.52191657798464,921.9444604392743
2022-09-05 17:47:20.756548,25.526155477382467,74.50299466364439,921.9644667731646
2022-09-05 17:48:20.831808,25.8276989582025,73.5959936512775,921.9867336009545
2022-09-05 17:49:20.891277,25.90543009063436,73.718023472016,922.0411009768884
2022-09-05 17:50:20.956546,26.147686575028228,71.91644842885981,922.03254816946
2022-09-05 17:51:21.031802,25.532387274413363,74.0978122240646,922.0310409003878
2022-09-05 17:52:21.096733,25.428392124500895,74.56802265482635,922.0665596840768
2022-09-05 17:53:21.176541,25.46837267872491,74.20376060017473,922.0502214090103
2022-09-05 17:54:21.252832,25.431753593780456,74.39329290417929,922.0372336824777
2022-09-05 17:55:21.311776,25.375335808567183,73.72976460961394,922.0324001785234
2022-09-05 17:56:21.376609,25.22828816049671,74.35343156112799,921.9775380686556
2022-09-05 17:57:21.456549,25.24881327324657,74.03138039569724,921.9781465895314
2022-09-05 17:58:21.536609,24.789093586456154,75.32368903511983,921.9884972049683
2022-09-05 17:59:21.602360,25.18071136455382,74.34433140441315,922.0194440535325
2022-09-05 18:00:21.666549,25.069005525483355,74.96469189036299,922.0334151977106
2022-09-05 18:01:21.741339,24.96490039074392,75.0533769220836,922.0551862543405
2022-09-05 18:02:21.809697,25.272910769529307,73.87859188098236,922.0371292956194
2022-09-05 18:03:21.876556,25.718252466701365,73.07211284880611,921.9900153635482
2022-09-05 18:04:21.951276,24.941730441975274,75.08910568467259,922.0295196217106
2022-09-05 18:05:22.016636,25.29334498224211,73.90852567172671,921.977557871037
2022-09-05 18:06:22.096716,25.781769999084293,71.19915147914139,921.9770684712116
2022-09-05 18:07:22.176549,25.23875116422339,73.1861760921866,921.9344300646051
2022-09-05 18:08:22.256555,24.71765764366582,75.14273892181934,921.9470555447822
2022-09-05 18:09:22.336528,25.025834806061813,73.39581470322209,921.941527441418
2022-09-05 18:10:22.416563,25.152304209663164,73.36402310854298,921.9098702551013
2022-09-05 18:11:22.496556,24.86606090338065,74.77796929483881,921.9466998543606
2022-09-05 18:12:22.572026,25.271773105861566,73.07908615858936,921.9125829309816
2022-09-05 18:13:22.634048,25.26417692208079,73.18019833307773,921.885490896315
2022-09-05 18:14:22.706556,25.433576893115372,72.75478808729738,921.8903505086502
2022-09-05 18:15:22.787963,25.180124631096035,73.9843049975937,921.8676641867086
2022-09-05 18:16:22.853154,25.294879499270056,73.08876158932969,921.8594972030028
2022-09-05 18:17:22.926559,25.29479237013666,73.13455264178403,921.8701381729012
2022-09-05 18:18:23.006554,25.040591594062498,73.94090743756962,921.8787578818595
2022-09-05 18:19:23.081430,24.503808744627136,75.41290584460747,921.8677252209617
2022-09-05 18:20:23.142964,24.686938174210585,75.3601404776818,921.9018452885807
2022-09-05 18:21:23.206549,24.65235146287629,74.96760123313828,921.9010052901011
2022-09-05 18:22:23.282340,24.316674153556285,76.21609619831966,921.8690549459783
2022-09-05 18:23:23.346563,24.782686778928458,74.68744234162077,921.8978982204383
2022-09-05 18:24:23.421753,24.32067556137892,75.98007500109682,921.8998139839681
2022-09-05 18:25:23.481635,24.537666921077992,74.92132030586772,921.8985217135117
2022-09-05 18:26:23.546532,24.673191367929263,74.87103378728763,921.9135220894868
2022-09-05 18:27:23.621714,24.420761437110066,75.51506068224901,921.8946483766557
2022-09-05 18:28:23.689059,23.943810890547088,76.85678380099469,921.9490977941423
2022-09-05 18:29:23.756697,24.430027537696528,75.49260369959347,921.863818279622
2022-09-05 18:30:23.836558,24.162765803412256,76.2700936554799,921.8831912017068
2022-09-05 18:31:23.921841,24.054221528417273,76.93337590792261,921.8826231977648
2022-09-05 18:32:23.983945,23.864026366822984,77.03510088403662,921.9122264444118
2022-09-05 18:33:24.046554,24.13920638508371,76.83122131356384,921.8727633544049
2022-09-05 18:34:24.126549,24.372077994005597,76.7817434960968,921.84102461261
2022-09-05 18:35:24.206551,24.829537405013685,74.71487269220754,921.8977394146743
2022-09-05 18:36:24.286528,24.68097902966285,74.92142393919487,921.8812503744413
2022-09-05 18:37:24.366532,24.67097771815074,74.90725615977829,921.8723411278688
2022-09-05 18:38:24.441296,23.920897756984296,76.90509371888135,921.877956026727
2022-09-05 18:39:24.506575,23.66122102638991,77.9429941555358,921.8910817517977
2022-09-05 18:40:24.586554,23.580433500000204,78.27148157048609,921.8506683268471
2022-09-05 18:41:24.667159,24.09402733063458,76.91796716142716,921.8358381253886
2022-09-05 18:42:24.732064,24.146346423276604,76.7778194578847,921.8485664866143
2022-09-05 18:43:24.791366,23.80233255329658,77.9522985547827,921.8402600713575
2022-09-05 18:44:24.856556,23.89659426051052,77.85900816508813,921.8652298937845
2022-09-05 18:45:24.933012,23.442569545394786,79.18245432542025,921.8418321875273
2022-09-05 18:46:24.992447,24.03388697401674,77.32564761716117,921.8285108612571
2022-09-05 18:47:25.054613,24.52236747592996,75.42223067787546,921.8114133239218
2022-09-05 18:48:25.133648,24.260166282598455,76.71086761476191,921.7849702285946
2022-09-05 18:49:25.206559,23.714759765224883,78.56599680713879,921.8488583673203
2022-09-05 18:50:25.286589,23.787586305747375,78.31413274976606,921.7958172743
2022-09-05 18:51:25.367546,24.110091793660672,77.39773576490964,921.7744310963801
2022-09-05 18:52:25.436546,23.924730104727303,78.26144430658333,921.7661708204588
2022-09-05 18:53:25.516606,24.239035194308546,77.19775281350348,921.7491541828623
2022-09-05 18:54:25.591796,23.91683325163065,78.67741161432492,921.7540592356683
2022-09-05 18:55:25.653957,24.50047484303902,76.81119408396614,921.7680798730385
2022-09-05 18:56:25.711270,24.87443941870207,75.83780792128708,921.736278582592
2022-09-05 18:57:25.772981,24.672569743881198,76.3426530195529,921.7342631392909
2022-09-05 18:58:25.841279,24.14987830351164,77.9539359879937,921.755790085885
2022-09-05 18:59:25.906543,24.056641216650043,78.43358744117957,921.7466955549327
2022-09-05 19:00:25.986567,24.374389769963628,77.47149808948788,921.7718032090172
2022-09-05 19:01:26.066557,24.80485911209836,75.99273018669746,921.7578899142036
2022-09-05 19:02:26.141546,24.87536715637306,75.8484316889741,921.761020839296
2022-09-05 19:03:26.201369,23.72822454358608,79.48357821917334,921.7762684779892
2022-09-05 19:04:26.266545,24.08177668149276,78.57328038587079,921.7879475841779
2022-09-05 19:05:26.346539,23.424393467490166,80.59739098937527,921.8197348933844
2022-09-05 19:06:26.421660,23.789454708339782,79.66028476676726,921.7748230495068
2022-09-05 19:07:26.486562,24.277905456253144,78.10065566674126,921.7734112814242
2022-09-05 19:08:26.566593,24.55437031425628,77.14749800687385,921.7768822335588
2022-09-05 19:09:26.646528,24.124829527389366,78.56367949600106,921.7525581986274
2022-09-05 19:10:26.726583,24.427647688913297,77.77088248380478,921.7437860996115
2022-09-05 19:11:26.804033,23.98891680709397,79.04238217622962,921.7175747278802
2022-09-05 19:12:26.876559,24.247667379729574,78.24321461281477,921.7276925216346
2022-09-05 19:13:26.956546,24.075659721519163,78.89153421406189,921.7057262446318
2022-09-05 19:14:27.035715,24.25610372213026,78.30248070821382,921.6689728003881
2022-09-05 19:15:27.106554,24.631836243184292,77.23944868140981,921.6601220414756
2022-09-05 19:16:27.186562,24.544715951988362,76.89552710767124,921.6863460319173
2022-09-05 19:17:27.262229,24.837880744670404,76.28886680308577,921.6919825331615
2022-09-05 19:18:27.326155,24.70976608616011,76.8731902981938,921.6999505890421
2022-09-05 19:19:27.401754,24.80161203202588,76.64208251714084,921.6984541228055
2022-09-05 19:20:27.466536,24.82173230384905,76.73873354171073,921.6912910416526
2022-09-05 19:21:27.546882,24.643432943072742,77.22167744745123,921.6978162871866
2022-09-05 19:22:27.616543,24.364445133649426,78.24394660946508,921.6832074147787
2022-09-05 19:23:27.692189,24.44275191000089,78.11427573270683,921.7036822115182
2022-09-05 19:24:27.756589,24.454174929197155,77.77045601862713,921.7423686637646
2022-09-05 19:25:27.834238,24.22919945948958,78.92076871556887,921.7372510626611
2022-09-05 19:26:27.894547,24.36853311177099,78.16220303125048,921.7390101860459
2022-09-05 19:27:27.951880,24.399438593793448,78.35329773897615,921.7541406229044
2022-09-05 19:28:28.013941,24.30536037345362,78.51353671530349,921.7679001845314
2022-09-05 19:29:28.076557,24.254712122203024,78.67151367836065,921.7438339353679
2022-09-05 19:30:28.156566,24.32011733475953,78.18638872731589,921.7297709982859
2022-09-05 19:31:28.236597,23.93907932618349,79.50930659078216,921.7073852987742
2022-09-05 19:32:28.316772,23.81728661086839,80.41080594356279,921.7058840784579
2022-09-05 19:33:28.386554,23.441469956462527,81.19164892502062,921.7298130455196
2022-09-05 19:34:28.466557,23.63026257914801,80.60874219077303,921.6750133727212
2022-09-05 19:35:28.541685,23.624318874934126,80.83215543338787,921.6867163638818
2022-09-05 19:36:28.602065,24.006079839081043,79.58721876344094,921.6933044553688
2022-09-05 19:37:28.667760,24.00190504730971,79.55152842625245,921.7024622052833
2022-09-05 19:38:28.741305,23.93974705222545,79.74281516662529,921.7487394227954
2022-09-05 19:39:28.806546,24.313072566584896,78.45805802993995,921.7941484313104
2022-09-05 19:40:28.886621,24.39749633121886,78.26443162606053,921.8219225022654
2022-09-05 19:41:28.966547,23.71793295588141,80.36054007745129,921.8388119802552
2022-09-05 19:42:29.046559,23.564307373370394,80.84358201109559,921.8550003051594
2022-09-05 19:43:29.122282,23.850221036497363,80.09013041671477,921.7813581511468
2022-09-05 19:44:29.186533,24.237270085540594,79.1193896594549,921.7568328798963
2022-09-05 19:45:29.267099,24.50798355238966,78.13289546633648,921.7092501793978
2022-09-05 19:46:29.336158,23.873878164240967,79.93374781283632,921.7063073947446
2022-09-05 19:47:29.416670,24.1763186835023,79.14632973324787,921.7306041540089
2022-09-05 19:48:29.497389,24.129932055470352,79.18726067925346,921.7121540872846
2022-09-05 19:49:29.571349,24.255175988843792,79.03483309735387,921.7181993168191
2022-09-05 19:50:29.636547,24.703840735464798,76.87939053652407,921.7161479010507
2022-09-05 19:51:29.716550,24.961618513242577,76.00156180397971,921.7229344152099
2022-09-05 19:52:29.796566,23.902613491701615,78.99719382335897,921.7752020120483
2022-09-05 19:53:29.873098,23.81865419564423,79.5224742112971,921.7994061919632
2022-09-05 19:54:29.931292,24.122604986088856,78.9807964696626,921.7770977366266
2022-09-05 19:55:29.996547,23.374284628675248,80.93249708679762,921.8487107471391
2022-09-05 19:56:30.071290,23.928256718383192,79.8992416714679,921.8180313387985
2022-09-05 19:57:30.136590,23.681383502525865,80.3657798784196,921.8657853544988
2022-09-05 19:58:30.216545,23.786789128132934,80.37508444681856,921.8859665334046
2022-09-05 19:59:30.296550,23.830738699209736,80.42638615105476,921.8998094735069
2022-09-05 20:00:30.373159,23.75176423329653,80.88171720087149,921.9075262828676
2022-09-05 20:01:30.436555,23.611601476834224,81.05496851205417,921.9367178951529
2022-09-05 20:02:30.512263,23.783220444698113,80.64916092105261,921.9192418785877
2022-09-05 20:03:30.575834,24.494426496528458,78.64922360562159,921.9049745675118
2022-09-05 20:04:30.646542,24.24459381361098,79.47868644062558,921.9123882870553
2022-09-05 20:05:30.721468,24.95477574997742,77.14618917671054,921.8679757368309
2022-09-05 20:06:30.781390,24.5871198048264,77.71132733413052,921.8886601070705
2022-09-05 20:07:30.846883,24.436740122552308,77.85985061211056,921.9068626178235
2022-09-05 20:08:30.922472,22.69799668727191,83.39677550094817,921.9611298257282
2022-09-05 20:09:30.981304,22.824824203736952,83.25922020773513,921.9464240051655
2022-09-05 20:10:31.046580,22.909041909686735,83.11362467906228,921.9375938552944
2022-09-05 20:11:31.126547,22.85004519659388,83.12733000729865,921.9264891429801
2022-09-05 20:12:31.202448,22.933162729463664,82.98081770581098,921.9393757146173
2022-09-05 20:13:31.269251,22.732396897247796,83.54337776523771,921.9130248517428
2022-09-05 20:14:31.336560,23.175569079697986,82.12762586317612,921.9387782574731
2022-09-05 20:15:31.416515,23.15757584485082,82.54267395836963,921.9383479636401
2022-09-05 20:16:31.486553,23.423465740092425,81.53556384899572,921.9733393399486
2022-09-05 20:17:31.561659,23.295439422203398,81.94133737922444,921.9630887738713
2022-09-05 20:18:31.621874,23.076873671267226,82.288774844584,921.9528230561356
2022-09-05 20:19:31.681271,23.440358403561042,81.1378210857944,921.9901378260756
2022-09-05 20:20:31.741550,23.28839505668064,81.93598888506347,922.0103424991004
2022-09-05 20:21:31.806546,23.761449671164446,80.30789280640195,922.010739760085
2022-09-05 20:22:31.886533,23.58860132036499,80.73661231618111,921.9745809724517
2022-09-05 20:23:31.967805,23.668386001130536,80.40433578863576,921.9859869236498
2022-09-05 20:24:32.036549,23.50751160278019,81.1109739779239,921.9714576587096
2022-09-05 20:25:32.112058,23.656769648481152,81.00572725946145,921.9240312056988
2022-09-05 20:26:32.172704,23.810588508683022,80.35483040719775,921.9464543282687
2022-09-05 20:27:32.236580,23.592680776878996,80.81388452328171,921.9284616423737
2022-09-05 20:28:32.317611,23.697503168988867,80.8671476198453,921.9319810060515
2022-09-05 20:29:32.396546,23.604741275318393,81.02002143753981,921.9445923601223
2022-09-05 20:30:32.471308,23.77867965410056,80.5505280014407,921.9380246843036
2022-09-05 20:31:32.531947,23.767656081289417,80.61684458294957,921.953700864254
2022-09-05 20:32:32.603626,24.57188098403163,77.52631815629076,921.9389248528626
2022-09-05 20:33:32.671392,24.242459428236927,77.86815839454293,921.9500492102657
2022-09-05 20:34:32.731384,24.5573272623098,77.0355109716501,921.9648163648324
2022-09-05 20:35:32.795057,23.45676647981941,80.32866296705402,921.9777122671649
2022-09-05 20:36:32.856556,23.295989720152093,81.39839831699602,921.9564109137101
2022-09-05 20:37:32.931822,23.28820054641059,81.4700213313555,921.9254471456052
2022-09-05 20:38:32.991676,23.225028965502027,81.40433574476458,921.9286323762658
2022-09-05 20:39:33.056129,23.908201879504034,79.0449647846048,921.9711303308901
2022-09-05 20:40:33.132859,23.633583732728912,79.65775019809186,921.9753652250007
2022-09-05 20:41:33.196593,23.577456333953485,80.28621919600019,921.9753463838466
2022-09-05 20:42:33.276536,23.927673140822506,79.59762885161075,921.992976947892
2022-09-05 20:43:33.356717,23.203335412888183,81.87116558565845,921.9552649861143
2022-09-05 20:44:33.441293,23.245902756613766,81.6740711148215,921.9489568817772
2022-09-05 20:45:33.506595,23.418912556507525,80.67593145849108,921.9500901066837
2022-09-05 20:46:33.582083,23.929528596596708,78.77412707655132,921.976600982046
2022-09-05 20:47:33.646599,24.400340147148597,77.34988157870353,921.9494601069845
2022-09-05 20:48:33.722952,24.18873112730775,77.31303078437877,921.9959968174963
2022-09-05 20:49:33.781299,23.494327783441822,79.6297407251774,921.9738747275431
2022-09-05 20:50:33.846548,24.090034980976654,76.96588765524412,921.9746164637655
2022-09-05 20:51:33.923288,23.617801464747142,78.48427448391513,921.9658282140391
2022-09-05 20:52:33.981302,23.78941948331267,77.86891890448196,921.9536832934979
2022-09-05 20:53:34.046551,23.627898816130667,77.87784378287691,921.958994648845
2022-09-05 20:54:34.126554,22.753146166669588,80.62493242874123,921.9728687760906
2022-09-05 20:55:34.202860,23.22071572652579,79.63736100775002,921.9648217650034
2022-09-05 20:56:34.261297,23.497501237803036,78.17014441490707,921.9725287812488
2022-09-05 20:57:34.326562,23.220113612341365,78.910193337974,921.9956114404744
2022-09-05 20:58:34.401336,23.08020030779756,79.5102998616797,922.0177782262837
2022-09-05 20:59:34.462656,22.988562590865868,80.03815152899321,922.0047891313675
2022-09-05 21:00:34.522881,23.20497823210809,79.59076625046761,922.0194748729562
2022-09-05 21:01:34.586552,23.046304663847494,80.30485045290075,922.008847399224
2022-09-05 21:02:34.665038,22.351476443078848,82.95933485090374,922.0149074208848
2022-09-05 21:03:34.736599,22.79677992662971,80.90291977986425,922.0004607339214
2022-09-05 21:04:34.815694,22.49899334777762,82.15042025144888,921.9838226754422
2022-09-05 21:05:34.886600,22.68684548843665,81.27724220885432,921.9683918029559
2022-09-05 21:06:34.966541,22.800026936755103,80.5865700904225,921.9395957616475
2022-09-05 21:07:35.042454,22.67589520099021,81.76494690087102,921.9248863244703
2022-09-05 21:08:35.105301,22.828137479023564,80.95444519043886,921.9252779261449
2022-09-05 21:09:35.176541,23.077316455082464,80.41093132864117,921.8802275084673
2022-09-05 21:10:35.253106,22.840370009801347,81.20299291580274,921.920485952066
2022-09-05 21:11:35.316545,22.641480092806294,82.74709281373543,921.9151390491311
2022-09-05 21:12:35.391266,22.934554315355502,81.7668228111998,921.9493157060427
2022-09-05 21:13:35.451290,23.844654654119598,78.89056708815558,921.9314638797487
2022-09-05 21:14:35.511293,22.902083981730108,81.79847427283084,921.9739205363371
2022-09-05 21:15:35.576559,22.641771544180585,82.5999766208524,921.9857248943778
2022-09-05 21:16:35.654329,22.93362659142597,81.8042437441193,921.9974560687433
2022-09-05 21:17:35.716543,23.687695223851563,79.41141856620418,922.0057036508176
2022-09-05 21:18:35.796553,24.24914240727169,76.54255206861093,921.9600703122775
2022-09-05 21:19:35.872802,23.582569713911838,78.88743737828372,921.9947594709872
2022-09-05 21:20:35.937759,23.306560796923684,79.38021501037267,922.0024001931248
2022-09-05 21:21:36.002172,23.638599836678136,78.22579479011176,922.0421279849204
2022-09-05 21:22:36.066521,23.478006312115184,78.03968774072503,922.0061914641119
2022-09-05 21:23:36.146594,22.823035024136185,80.43403838564238,922.0411592897456
2022-09-05 21:24:36.226551,22.74426497925028,80.79996339854871,922.0511442371286
2022-09-05 21:25:36.306550,23.053659567448115,79.83549670720336,922.0820897154422
2022-09-05 21:26:36.381340,23.39831914753699,78.70754854891536,922.0930665167259
2022-09-05 21:27:36.446556,23.697499523244478,77.68642549091568,922.1191697815127
2022-09-05 21:28:36.528305,23.328189750567443,78.82265293378923,922.1446946788263
2022-09-05 21:29:36.596540,23.309246952212693,78.80878894243259,922.1542204217528
2022-09-05 21:30:36.676596,23.147833956136992,79.6849842537032,922.1601767804066
2022-09-05 21:31:36.756577,23.350163807873624,78.83342299145723,922.1670582416067
2022-09-05 21:32:36.836547,22.820898453706675,80.40485973621665,922.1790586836571
2022-09-05 21:33:36.916575,23.10385337271554,79.51031294182066,922.1928409006698
2022-09-05 21:34:36.994656,23.537132965322687,78.3577481295734,922.1865531803054
2022-09-05 21:35:37.053019,22.84505101189329,80.47945756613237,922.1848772836146
2022-09-05 21:36:37.116556,22.997844510482295,79.93848425194972,922.1665995580896
2022-09-05 21:37:37.195838,23.815881978907207,77.49229628519086,922.1680303144194
2022-09-05 21:38:37.266545,23.1521163795999,78.9158752097658,922.1652929459788
2022-09-05 21:39:37.346558,22.928524646910503,79.68770551558934,922.1719493969315
2022-09-05 21:40:37.426558,22.4360021000166,81.61074270728668,922.1965173288253
2022-09-05 21:41:37.506550,22.509638316914984,80.57330943146468,922.190261694773
2022-09-05 21:42:37.581441,22.71840652730552,80.1523103291652,922.1807726411455
2022-09-05 21:43:37.642329,22.891405196037688,79.27756427663309,922.1747435987662
2022-09-05 21:44:37.716544,23.41695993789414,77.572570850106,922.168227425921
2022-09-05 21:45:37.796551,23.25088666636333,77.93939322867058,922.1737755295565
2022-09-05 21:46:37.876547,22.78795385133303,79.33482702618731,922.1900569226286
2022-09-05 21:47:37.951498,22.7476191409407,79.64669943297159,922.1434129703276
2022-09-05 21:48:38.016555,22.47671476935228,80.42774407071573,922.1998884467023
2022-09-05 21:49:38.096546,22.23226140786865,81.27494630573685,922.1832241794277
2022-09-05 21:50:38.176742,22.36168822965857,80.65395495862673,922.2141543810053
2022-09-05 21:51:38.256553,22.80021824318531,79.25875017125756,922.1835325203422
2022-09-05 21:52:38.336542,23.29486724945306,77.72064881839933,922.1982898120118
2022-09-05 21:53:38.416528,22.7757213610078,78.9608151555814,922.174499702378
2022-09-05 21:54:38.496565,22.15832600917541,81.40996234579279,922.1811790537082
2022-09-05 21:55:38.571284,22.421797148332956,80.4196055474826,922.1706849762985
2022-09-05 21:56:38.636549,21.656726047414296,83.21133446681499,922.1733796568747
2022-09-05 21:57:38.711464,22.570609708133524,79.94192356354674,922.1745077203835
2022-09-05 21:58:38.776599,23.324177589992498,77.2299989193946,922.1718002539446
2022-09-05 21:59:38.851564,22.455108998712806,80.58638854220783,922.1792089209207
2022-09-05 22:00:38.916557,22.616800202937,80.57601850375237,922.1399121937487
2022-09-05 22:01:38.996545,22.887974148174308,79.95344874655387,922.140450948984
2022-09-05 22:02:39.076592,23.16471644278137,79.58156667531682,922.1447035579102
2022-09-05 22:03:39.156602,23.65139613943126,78.33440092506108,922.1266773172407
2022-09-05 22:04:39.231271,23.7616032931152,78.3575225598809,922.0856407851738
2022-09-05 22:05:39.296984,24.108024766759772,76.95977905913327,922.1010037604963
2022-09-05 22:06:39.366556,24.210196727618037,77.0569826373098,922.1320776761339
2022-09-05 22:07:39.446551,24.29843015960389,76.75122501816843,922.1223512615604
2022-09-05 22:08:39.529394,24.369952937170165,76.57828490391678,922.100510082945
2022-09-05 22:09:39.592448,24.58139036161737,76.11665067484857,922.1257132160608
2022-09-05 22:10:39.651746,24.455102128933554,76.59563060190698,922.1070590428816
2022-09-05 22:11:39.716595,24.768329977813167,75.49756430631369,922.0921159127012
2022-09-05 22:12:39.796549,24.745310694650147,75.47975288001422,922.1005037472937
2022-09-05 22:13:39.878487,24.819153301355733,75.38127897425088,922.1047604609422
2022-09-05 22:14:39.946592,24.789639913688482,75.40958472550321,922.0875904505033
2022-09-05 22:15:40.021378,24.910623129871155,75.3873201555509,922.0868247965643
2022-09-05 22:16:40.083917,24.911174226648626,75.67803258318249,922.0629567113344
2022-09-05 22:17:40.144016,24.780160251528983,76.13701620062132,922.0637052849916
2022-09-05 22:18:40.202261,24.900592416199864,75.79010562950003,922.0421362872482
2022-09-05 22:19:40.266654,24.86264217653548,76.01208806156548,922.0222958058553
2022-09-05 22:20:40.342401,25.013689898888423,75.38143706380649,922.0080289843936
2022-09-05 22:21:40.406552,24.88685077373767,75.80381277066911,921.9605121542787
2022-09-05 22:22:40.482346,24.844475852345035,75.81840436979749,921.9054775362912
2022-09-05 22:23:40.546589,24.99374340434009,74.75150389253854,921.8816477867
2022-09-05 22:24:40.621540,24.865512662346383,75.41031802118509,921.8615460899147
2022-09-05 22:25:40.686528,24.834056633117598,76.03888486625051,921.8582578950871
2022-09-05 22:26:40.761276,25.04514592793329,75.17920326982059,921.8533096009902
2022-09-05 22:27:40.826587,25.167433601879395,74.64109806744345,921.8392704452516
2022-09-05 22:28:40.902993,25.276169783321464,73.71413730310437,921.860697742793
2022-09-05 22:29:40.961563,25.141195038987615,74.21650550872135,921.8687226384411
2022-09-05 22:30:41.027671,25.069294974833824,74.45243763634794,921.8855720467884
2022-09-05 22:31:41.104687,25.06510828524992,74.64350789517789,921.8911262187883
2022-09-05 22:32:41.162510,24.932441231897084,74.48316432196495,921.8751225360432
2022-09-05 22:33:41.221328,24.787261555696723,75.03584467966806,921.8667383541372
2022-09-05 22:34:41.282204,24.92870674677251,74.85199096279237,921.8571170610946
2022-09-05 22:35:41.346562,24.88742230634286,75.00593193750285,921.8458132748934
2022-09-05 22:36:41.426542,24.921273099271872,74.7873110445004,921.8609109038948
2022-09-05 22:37:41.504080,24.929158889086573,74.53264169690273,921.8743268072162
2022-09-05 22:38:41.566538,24.890193814623174,74.9014249110249,921.8841435318053
2022-09-05 22:39:41.642447,24.965253673741998,74.82420611697384,921.8892866648914
2022-09-05 22:40:41.701313,24.93008662909597,74.50709370609727,921.9109633647402
2022-09-05 22:41:41.761373,24.836396611425542,74.9443473833014,921.9108204186443
2022-09-05 22:42:41.826550,24.923128579185576,74.82667057807032,921.9092035633988
2022-09-05 22:43:41.901813,24.879536515830253,75.08439118640739,921.9155986506386
2022-09-05 22:44:41.961333,24.914703560279218,74.90658344479847,921.8978073578846
2022-09-05 22:45:42.025854,24.936041581250816,74.58299060522126,921.9351190517605
2022-09-05 22:46:42.106548,24.843841980861924,75.19972644165328,921.9242748550308
2022-09-05 22:47:42.186578,25.053000481854777,74.40614520947919,921.9295681456153
2022-09-05 22:48:42.263863,24.977326022995822,74.47730325715534,921.9532188930858
2022-09-05 22:49:42.322041,24.965816367248365,74.31587798714448,921.9438258010431
2022-09-05 22:50:42.388134,25.123821952289312,74.10927833892839,921.965820124809
2022-09-05 22:51:42.451284,24.97788876558913,74.44578534648065,921.9754899972867
2022-09-05 22:52:42.516608,24.997371330270898,74.9612255431156,921.9858607265378
2022-09-05 22:53:42.596588,25.159064334785278,73.49011900745126,922.0027703864627
2022-09-05 22:54:42.676545,24.872138070231166,75.44701338564258,921.9965907432337
2022-09-05 22:55:42.756548,25.04087625649723,74.10086600233429,921.9965139618743
2022-09-05 22:56:42.836573,24.93884829421283,74.57278266089781,922.0048059413706
2022-09-05 22:57:42.911384,25.014047127143073,74.66276513756442,921.9910829863325
2022-09-05 22:58:42.976554,25.023336299755766,74.46997484129801,922.0062276346537
2022-09-05 22:59:43.057802,24.912958668939567,75.2817128292985,922.0040094617606
2022-09-05 23:00:43.126559,24.974629903655813,74.84169115907926,922.004071808274
2022-09-05 23:01:43.201651,24.960725556245663,74.71471557058534,922.0117206948108
2022-09-05 23:02:43.266591,25.135418716960313,73.66287862057915,922.013722456682
2022-09-05 23:03:43.341400,25.008956314261766,74.80097490995318,922.0572822662971
2022-09-05 23:04:43.406550,24.997371330270898,74.84429298796435,922.0593771708802
2022-09-05 23:05:43.486662,25.01963712202566,74.27811279009015,922.0396988727094
2022-09-05 23:06:43.566535,25.10164329691965,74.14742605586548,922.0640432832884
2022-09-05 23:07:43.641508,25.10125477323425,74.0991508801491,922.0593467712699
2022-09-05 23:08:43.706552,24.86751113454961,75.39022424472222,922.0581848185948
2022-09-05 23:09:43.786580,25.046993698679614,74.71232926023472,922.054971040277
2022-09-05 23:10:43.869639,24.877240644374268,74.89980367415156,922.0682048600654
2022-09-05 23:11:43.936589,24.971846681568366,75.02087647313849,922.0775514257824
2022-09-05 23:12:44.016434,24.978340866531042,75.03362496690583,922.0596523512941
2022-09-05 23:13:44.082041,25.106183108197186,74.33395027952393,922.0522467283051
2022-09-05 23:14:44.141322,25.14197647812195,73.68084986336132,922.0212067057869
2022-09-05 23:15:44.201341,25.02240855870853,74.53171995095221,922.012041518674
2022-09-05 23:16:44.263454,25.107748961967285,73.93932939041422,921.987589156593
2022-09-05 23:17:44.322848,25.119710700318837,73.83477237709383,921.9977074496343
2022-09-05 23:18:44.386550,25.04635559061387,74.19315716989817,921.9876560372124
2022-09-05 23:19:44.466555,25.10079090262278,74.408756417443,921.9620545014265
2022-09-05 23:20:44.548462,24.995967941623594,74.47586711457605,921.9722496383233
2022-09-05 23:21:44.616546,24.98151260771246,74.2983942202339,921.9748660571041
2022-09-05 23:22:44.692331,25.03484594104579,74.54696598876104,921.9867533687386
2022-09-05 23:23:44.756558,25.013971774318424,74.85556813403598,921.9800069353819
2022-09-05 23:24:44.836547,24.9305739777076,75.10012456562521,921.9883905176225
2022-09-05 23:25:44.916554,25.08493218155869,74.24910232841106,921.9816283200654
2022-09-05 23:26:44.992841,25.091351016670636,73.73064273414685,921.9994817762979
2022-09-05 23:27:45.051255,25.054792370136656,74.18930967357652,922.0179935851385
2022-09-05 23:28:45.112615,24.980196348008064,74.46392911919946,921.9808482261728
2022-09-05 23:29:45.178770,25.012667278109138,74.40193333976453,922.0012713221536
2022-09-05 23:30:45.242442,25.084091561703445,74.07125404468248,921.9970778614244
2022-09-05 23:31:45.306579,25.036788545678817,74.31658262322333,921.9796661403528
2022-09-05 23:32:45.386648,25.148407094610306,74.04130824410555,921.9594972873107
2022-09-05 23:33:45.466552,25.00431760960034,74.66937599213313,921.9759668016522
2022-09-05 23:34:45.546549,24.943098478719453,74.69356626254564,921.9829283716513
2022-09-05 23:35:45.626561,25.172128058261105,73.60801630407805,921.9671376929089
2022-09-05 23:36:45.706553,25.03122209892247,74.59784181648041,921.9798655926829
2022-09-05 23:37:45.786579,25.09552585079941,73.4597773984779,921.9733198665646
2022-09-05 23:38:45.866547,25.114243151022183,74.2553578054436,921.9813456288309
2022-09-05 23:39:45.946595,25.173531457372146,73.70744450698545,921.9613453498165
2022-09-05 23:40:46.021329,25.092453026248066,74.12238723603315,921.9721743712461
2022-09-05 23:41:46.086633,25.07994032702774,74.58087081204343,921.9710922065241
2022-09-05 23:42:46.166586,25.10915237502998,73.88290765209192,921.9890775211654
2022-09-05 23:43:46.246553,25.082259681620503,74.59540370318592,921.9973180461403
2022-09-05 23:44:46.326556,25.169919467726743,73.97910701827557,922.0233510899643
2022-09-05 23:45:46.402486,25.139779688654933,74.44659708636009,922.0274441967533
2022-09-05 23:46:46.467612,25.1054532298061,74.60799991778175,922.0387787354136
2022-09-05 23:47:46.541782,25.128194763337845,74.0070953640109,922.0341303746642
2022-09-05 23:48:46.601652,25.307590161376382,73.86344136182063,922.0229848974913
2022-09-05 23:49:46.667585,25.267796294603002,74.31247155796909,922.0196228258326
2022-09-05 23:50:46.746552,25.245994341055297,73.44224756681368,922.0208880095555
2022-09-05 23:51:46.826546,25.202854316002327,74.10343360892197,922.0326281687818
2022-09-05 23:52:46.901648,25.15972614860331,73.86448103090238,921.9958366835386
2022-09-05 23:53:46.961453,25.170395186566267,74.0543933269939,922.0274782801042
2022-09-05 23:54:47.031690,25.11613411076689,74.08703443806665,922.0095131433305
2022-09-05 23:55:47.106550,25.265001201686676,73.53357791006586,922.0198471216587
2022-09-05 23:56:47.186543,25.276522646834053,73.676009965441,922.0367787790566
2022-09-05 23:57:47.266676,25.251021592310025,73.71616604299392,922.0333845314256
2022-09-05 23:58:47.341445,25.291917609137972,74.0413522975034,922.0356321807601
2022-09-05 23:59:47.416981,25.19961907760903,73.93702254688337,922.0277408561212
